Unnamed: 0,channel_title,title,description,published,tag_count,view_count,viewer_percentage,estimated_min_watched,avg_view_duration,avg_view_percentage,like_count,dislike_count,share_count,comment_count,duration_str,duration_num,aud_watch_ratio,relative_retention_performance,title_length,reactions,tags
0,Yoga With Adriene,YogaCamp - Welcome Orientation,"Yoga Camp Orientation video! The prologue, the preamble - the video watch before you dive in to your 30 Days Of Yoga Camp with a big open heart. You can. You will. Watch this whole video before you begin. 

Let's rock.

Happy New Year my friends!

Connect and share your journey with #YOGACAMP

- - - - - - - - - -

SUBSCRIBE to this YouTube channel to join the YWA family and help us provide free yoga for all!
https://www.youtube.com/user/yogawithadriene?sub_confirmation=1

- - - - - - - - - -

#30daysofyoga #YogaCamp #homeyoga

- - - - - - - - - - 

â¤ï¸SUBSCRIBE to the YWA channel for free yoga videos every week and to support high-quality free yoga for all! â¤ï¸
https://www.youtube.com/user/yogawithadriene?sub_confirmation=1

- - - - - - - - - - 

ğŸ§˜ğŸ½â™‚ï¸ğŸ§˜â™€ï¸Become a FWFG YOGA member! ğŸ§˜ğŸ»â™‚ï¸ğŸ§˜ğŸ¿â™€ï¸
https://fwfg.com/?via=adriene
Join Find What Feels Good and access over 700 videos including yoga and meditation for all levels. Explore daily practices, workshops, in-depth learning, weekly or monthly accountability series, and an opportunity to connect with a one of a kind global community. This is your one-stop-shop for yoga, creativity, wellness, and all things FWFG. Try it FREE for 7 Days! 

- - - - - - - - - - 

ğŸ—“Get your FREE Yoga Calendar: ğŸ—“
http://yogawithadriene.com/calendar/

- - - - - - - - - - 

More at www.yogawithadriene.com
â–¶ï¸ Instagram: @adrienelouise
â–¶ï¸ Twitter: @yogawithadriene
â–¶ï¸ Facebook: Yoga With Adriene
â–¶ï¸ Shop: https://shop.fwfg.com

- - - - - - - - - - 

Music by Shakey Graves: 
https://www.shakeygraves.com

- - - - - - - - - - 

Yoga With Adriene, LLC recommends that you consult your physician regarding the applicability of any recommendations and follow all safety instructions before beginning any exercise program. When participating in any exercise or exercise program, there is the possibility of physical injury. If you engage in this exercise or exercise program, you agree that you do so at your own risk, are voluntarily participating in these activities, assume all risk of injury to yourself.",2016-01-01T12:00:02Z,9,2352455,0,0,0,0,11554,0,0,1021,04:20:00,4.333333333333333,0,0,30,13596,"yoga camp,yoga with adriene,adriene mishler,find what feels good,yoga,30 days of yoga,30 days of yoga camp,hatha yoga,gentle yoga"
1,Yoga With Adriene,Yoga Camp Day 1 - I Accept,"Yoga Camp - Day 1! As we begin the journey to connecting to our body, trimming up, shaping up, and loving ourselves for who we truly are - we start with the Day 1 mantra, I accept. Ease into it. Enjoy. 

And we are off!

Share your experience down below and with #YOGACAMP!

- - - - - -

#30daysofyoga #YogaCamp #homeyoga

  
- - - - - - - - - - 

â¤ï¸SUBSCRIBE to the YWA channel for free yoga videos every week and to support high-quality free yoga for all! â¤ï¸
https://www.youtube.com/user/yogawithadriene?sub_confirmation=1

- - - - - - - - - - 

ğŸ§˜ğŸ½â™‚ï¸ğŸ§˜â™€ï¸Become a FWFG YOGA member! ğŸ§˜ğŸ»â™‚ï¸ğŸ§˜ğŸ¿â™€ï¸
https://fwfg.com/?via=adriene
Join Find What Feels Good and access over 700 videos including yoga and meditation for all levels. Explore daily practices, workshops, in-depth learning, weekly or monthly accountability series, and an opportunity to connect with a one of a kind global community. This is your one-stop-shop for yoga, creativity, wellness, and all things FWFG. Try it FREE for 7 Days! 

- - - - - - - - - - 

ğŸ—“Get your FREE Yoga Calendar: ğŸ—“
http://yogawithadriene.com/calendar/

- - - - - - - - - - 

More at www.yogawithadriene.com
â–¶ï¸ Instagram: @adrienelouise
â–¶ï¸ Twitter: @yogawithadriene
â–¶ï¸ Facebook: Yoga With Adriene
â–¶ï¸ Shop: https://shop.fwfg.com

- - - - - - - - - - 

Music by Shakey Graves: 
https://www.shakeygraves.com

- - - - - - - - - - 

Yoga With Adriene, LLC recommends that you consult your physician regarding the applicability of any recommendations and follow all safety instructions before beginning any exercise program. When participating in any exercise or exercise program, there is the possibility of physical injury. If you engage in this exercise or exercise program, you agree that you do so at your own risk, are voluntarily participating in these activities, assume all risk of injury to yourself.",2016-01-02T12:00:00Z,21,2915821,0,0,0,0,28138,0,0,2153,1900-01-01 06:59:00,30.983333333333334,0,0,26,32444,"yoga camp,yoga with adriene,30 Days of yoga,30 days of yoga camp,new year,new year new you,new year true,new years resolution,new years work out,yoga,yoga for beginners,yoga for happiness,yoga every day,yoga at home,yogi,yoga life,affirmations,mantra,positive affirmations,healing in yoga,acceptance"
2,Yoga With Adriene,Yoga Camp Day 2 - I Create,"Yoga Camp - Day 2! 30 Days Of Yoga Camp continues. Create space with this full practice. The mantra today is I CREATE. Finish that sentence, get a workout, trim, tone, cultivate balance and stability.  Breathe deep and connect to something meaningful. Yoga Camp!

Way to show up for yourself. I think there is nothing more beautiful. 

Share your experience down below and with #YOGACAMP

- - - - - -

#30daysofyoga #YogaCamp #homeyoga

  
- - - - - - - - - - 

â¤ï¸SUBSCRIBE to the YWA channel for free yoga videos every week and to support high-quality free yoga for all! â¤ï¸
https://www.youtube.com/user/yogawithadriene?sub_confirmation=1

- - - - - - - - - - 

ğŸ§˜ğŸ½â™‚ï¸ğŸ§˜â™€ï¸Become a FWFG YOGA member! ğŸ§˜ğŸ»â™‚ï¸ğŸ§˜ğŸ¿â™€ï¸
https://fwfg.com/?via=adriene
Join Find What Feels Good and access over 700 videos including yoga and meditation for all levels. Explore daily practices, workshops, in-depth learning, weekly or monthly accountability series, and an opportunity to connect with a one of a kind global community. This is your one-stop-shop for yoga, creativity, wellness, and all things FWFG. Try it FREE for 7 Days! 

- - - - - - - - - - 

ğŸ—“Get your FREE Yoga Calendar: ğŸ—“
http://yogawithadriene.com/calendar/

- - - - - - - - - - 

More at www.yogawithadriene.com
â–¶ï¸ Instagram: @adrienelouise
â–¶ï¸ Twitter: @yogawithadriene
â–¶ï¸ Facebook: Yoga With Adriene
â–¶ï¸ Shop: https://shop.fwfg.com

- - - - - - - - - - 

Music by Shakey Graves: 
https://www.shakeygraves.com

- - - - - - - - - - 

Yoga With Adriene, LLC recommends that you consult your physician regarding the applicability of any recommendations and follow all safety instructions before beginning any exercise program. When participating in any exercise or exercise program, there is the possibility of physical injury. If you engage in this exercise or exercise program, you agree that you do so at your own risk, are voluntarily participating in these activities, assume all risk of injury to yourself.",2016-01-03T12:00:01Z,16,1608222,0,0,0,0,14985,0,0,1610,1900-01-02 03:53:00,51.88333333333333,0,0,26,18205,"yoga,yoga camp,yoga with adriene,30 days of yoga camp,i create,positive mantra,mantra,yoga mantra,affirmations,positive affirmations,yoga for home,hatha yoga,yoga for your core,yoga for weight loss,yoga home practice,find what feels good"
3,Yoga With Adriene,Yoga Camp Day 3 - I Embrace,"Yoga Camp - Day 3! 30 Days Of Yoga Camp continues. Embrace the process with this 35 min full at-home yoga practice. Yoga is about embracing your full potential by leaning into the process. What will you lean into today? What will you hug and embrace? 

This affirmation thing still weirding you out? Don't believe in the power of word or thought? Perfectly happy with current mental wellness?

Then, embrace the stretch! You are perfectly where you are supposed to be - so embrace it and enjoy! 

Share your experience down below and with #YOGACAMP

- - - - - -

#30daysofyoga #YogaCamp #homeyoga

  
- - - - - - - - - - 

â¤ï¸SUBSCRIBE to the YWA channel for free yoga videos every week and to support high-quality free yoga for all! â¤ï¸
https://www.youtube.com/user/yogawithadriene?sub_confirmation=1

- - - - - - - - - - 

ğŸ§˜ğŸ½â™‚ï¸ğŸ§˜â™€ï¸Become a FWFG YOGA member! ğŸ§˜ğŸ»â™‚ï¸ğŸ§˜ğŸ¿â™€ï¸
https://fwfg.com/?via=adriene
Join Find What Feels Good and access over 700 videos including yoga and meditation for all levels. Explore daily practices, workshops, in-depth learning, weekly or monthly accountability series, and an opportunity to connect with a one of a kind global community. This is your one-stop-shop for yoga, creativity, wellness, and all things FWFG. Try it FREE for 7 Days! 

- - - - - - - - - - 

ğŸ—“Get your FREE Yoga Calendar: ğŸ—“
http://yogawithadriene.com/calendar/

- - - - - - - - - - 

More at www.yogawithadriene.com
â–¶ï¸ Instagram: @adrienelouise
â–¶ï¸ Twitter: @yogawithadriene
â–¶ï¸ Facebook: Yoga With Adriene
â–¶ï¸ Shop: https://shop.fwfg.com

- - - - - - - - - - 

Music by Shakey Graves: 
https://www.shakeygraves.com

- - - - - - - - - - 

Yoga With Adriene, LLC recommends that you consult your physician regarding the applicability of any recommendations and follow all safety instructions before beginning any exercise program. When participating in any exercise or exercise program, there is the possibility of physical injury. If you engage in this exercise or exercise program, you agree that you do so at your own risk, are voluntarily participating in these activities, assume all risk of injury to yourself.",2016-01-04T12:00:00Z,30,1302414,0,0,0,0,11684,0,0,1036,1900-01-01 10:44:00,34.733333333333334,0,0,27,13756,"yoga camp,yoga with adriene,yoga,yoga at home,30 days of yoga,30 day yoga challenge,yoga challenge,yoga journey,yoga every damn day,yoga everyday,hatha yoga,yoga life,yogi,yogi life,adriene mishler,yoga for happiness,yoga for beginners,youtube yoga,yoga for flexibility,yoga for strength,yoga for weightloss,postitive affirmations,postive thinking,yoga work out,fitness,health,wellness,new year,yoga lifestyle,find what feels good"
4,Yoga With Adriene,Yoga Camp Day 4 - I Awaken,"Yoga Camp - Day 4 is here with the mantra I AWAKEN.  This yoga practice is a tune in, a check in - a wake-up call. Notice your breath and shake it up. What do you want to awaken? Move with intention and you trim and tone. Wake up the body, find support, build strength, and soothe your soul. Time to stir the pot, move the furniture. Trust it and enjoy! 

Share your experience down below and with #YOGACAMP

- - - - - -

#30daysofyoga #YogaCamp #homeyoga

  
- - - - - - - - - - 

â¤ï¸SUBSCRIBE to the YWA channel for free yoga videos every week and to support high-quality free yoga for all! â¤ï¸
https://www.youtube.com/user/yogawithadriene?sub_confirmation=1

- - - - - - - - - - 

ğŸ§˜ğŸ½â™‚ï¸ğŸ§˜â™€ï¸Become a FWFG YOGA member! ğŸ§˜ğŸ»â™‚ï¸ğŸ§˜ğŸ¿â™€ï¸
https://fwfg.com/?via=adriene
Join Find What Feels Good and access over 700 videos including yoga and meditation for all levels. Explore daily practices, workshops, in-depth learning, weekly or monthly accountability series, and an opportunity to connect with a one of a kind global community. This is your one-stop-shop for yoga, creativity, wellness, and all things FWFG. Try it FREE for 7 Days! 

- - - - - - - - - - 

ğŸ—“Get your FREE Yoga Calendar: ğŸ—“
http://yogawithadriene.com/calendar/

- - - - - - - - - - 

More at www.yogawithadriene.com
â–¶ï¸ Instagram: @adrienelouise
â–¶ï¸ Twitter: @yogawithadriene
â–¶ï¸ Facebook: Yoga With Adriene
â–¶ï¸ Shop: https://shop.fwfg.com

- - - - - - - - - - 

Music by Shakey Graves: 
https://www.shakeygraves.com

- - - - - - - - - - 

Yoga With Adriene, LLC recommends that you consult your physician regarding the applicability of any recommendations and follow all safety instructions before beginning any exercise program. When participating in any exercise or exercise program, there is the possibility of physical injury. If you engage in this exercise or exercise program, you agree that you do so at your own risk, are voluntarily participating in these activities, assume all risk of injury to yourself.",2016-01-05T12:00:00Z,17,1064583,0,0,0,0,9905,0,0,927,1900-01-01 12:47:00,36.78333333333333,0,0,26,11759,"yoga,yoga with adriene,yoga camp,30 days of yoga,30 days of yoga camp,hatha yoga,yoga for weightloss,yoga flow,yoga for shoulders,yoga for back pain,health,wellness,mind and body,yoga practice,yoga workout,pranayama,yoga for energy"
5,Yoga With Adriene,Yoga Camp Day 5 - I Am Alive,"Yoga Camp - Day 5 is here with the mantra I Am Alive! Practice presence. One moment to the next. Focus on your breath. ""Tell me, what is it you plan to do with your one wild and precious life?""

Share your experience down below and with #YOGACAMP

- - - - - -

#30daysofyoga #YogaCamp #homeyoga

  
- - - - - - - - - - 

â¤ï¸SUBSCRIBE to the YWA channel for free yoga videos every week and to support high-quality free yoga for all! â¤ï¸
https://www.youtube.com/user/yogawithadriene?sub_confirmation=1

- - - - - - - - - - 

ğŸ§˜ğŸ½â™‚ï¸ğŸ§˜â™€ï¸Become a FWFG YOGA member! ğŸ§˜ğŸ»â™‚ï¸ğŸ§˜ğŸ¿â™€ï¸
https://fwfg.com/?via=adriene
Join Find What Feels Good and access over 700 videos including yoga and meditation for all levels. Explore daily practices, workshops, in-depth learning, weekly or monthly accountability series, and an opportunity to connect with a one of a kind global community. This is your one-stop-shop for yoga, creativity, wellness, and all things FWFG. Try it FREE for 7 Days! 

- - - - - - - - - - 

ğŸ—“Get your FREE Yoga Calendar: ğŸ—“
http://yogawithadriene.com/calendar/

- - - - - - - - - - 

More at www.yogawithadriene.com
â–¶ï¸ Instagram: @adrienelouise
â–¶ï¸ Twitter: @yogawithadriene
â–¶ï¸ Facebook: Yoga With Adriene
â–¶ï¸ Shop: https://shop.fwfg.com

- - - - - - - - - - 

Music by Shakey Graves: 
https://www.shakeygraves.com

- - - - - - - - - - 

Yoga With Adriene, LLC recommends that you consult your physician regarding the applicability of any recommendations and follow all safety instructions before beginning any exercise program. When participating in any exercise or exercise program, there is the possibility of physical injury. If you engage in this exercise or exercise program, you agree that you do so at your own risk, are voluntarily participating in these activities, assume all risk of injury to yourself.",2016-01-06T12:00:04Z,23,934353,0,0,0,0,9036,0,0,917,1900-01-01 06:33:00,30.55,0,0,28,10870,"yoga,yoga camp,yoga with adriene,find what feels good,yoga practice,yoga at home,yoga workout,wellness,fitness,workout,hatha yoga,yoga flow,meditation,positive affirmations,yoga for healing,yoga for energy,adriene mishler,yoga life,yogi,yoga for strength,yoga for flexibility,yoga for weightloss,health"
6,Yoga With Adriene,Yoga Camp Day 6 - I Am Supported (Six Pack Abs),"Yoga Camp - Day 6! Also, more traditionally known as SIX PACK ABS. But, the Yoga With Adriene version. We target the core in our Yoga Camp practice today. Work the abdominal wall, tone the belly, strengthen the back  - in a way that is supported. 

The mantra today is I Am Supported. Learn to balance all your heart's desires and be true to who you really are! Yes, I think this video can guide you toward all that. Give it a try and let me know how it goes. A little goes a long way when you are working with integrity. Breathe deep and be mindful. Go for the gold! Your yoga practice has your back. 

Share your experience down below and with #YOGACAMP

- - - - - -

#30daysofyoga #YogaCamp #homeyoga

  
- - - - - - - - - - 

â¤ï¸SUBSCRIBE to the YWA channel for free yoga videos every week and to support high-quality free yoga for all! â¤ï¸
https://www.youtube.com/user/yogawithadriene?sub_confirmation=1

- - - - - - - - - - 

ğŸ§˜ğŸ½â™‚ï¸ğŸ§˜â™€ï¸Become a FWFG YOGA member! ğŸ§˜ğŸ»â™‚ï¸ğŸ§˜ğŸ¿â™€ï¸
https://fwfg.com/?via=adriene
Join Find What Feels Good and access over 700 videos including yoga and meditation for all levels. Explore daily practices, workshops, in-depth learning, weekly or monthly accountability series, and an opportunity to connect with a one of a kind global community. This is your one-stop-shop for yoga, creativity, wellness, and all things FWFG. Try it FREE for 7 Days! 

- - - - - - - - - - 

ğŸ—“Get your FREE Yoga Calendar: ğŸ—“
http://yogawithadriene.com/calendar/

- - - - - - - - - - 

More at www.yogawithadriene.com
â–¶ï¸ Instagram: @adrienelouise
â–¶ï¸ Twitter: @yogawithadriene
â–¶ï¸ Facebook: Yoga With Adriene
â–¶ï¸ Shop: https://shop.fwfg.com

- - - - - - - - - - 

Music by Shakey Graves: 
https://www.shakeygraves.com

- - - - - - - - - - 

Yoga With Adriene, LLC recommends that you consult your physician regarding the applicability of any recommendations and follow all safety instructions before beginning any exercise program. When participating in any exercise or exercise program, there is the possibility of physical injury. If you engage in this exercise or exercise program, you agree that you do so at your own risk, are voluntarily participating in these activities, assume all risk of injury to yourself.",2016-01-07T12:00:02Z,17,937025,0,0,0,0,9091,0,0,970,1900-01-01 00:45:00,24.75,0,0,47,11031,"yoga,yoga practice,six pack abs,yoga for core,core yoga,yoga camp,yoga with adriene,yoga for strength,yoga for flat tummy,fitness,wellness,yoga for core strength,yoga at home,breath,yoga for digestion,yoga for belly,hatha yoga"
7,Yoga With Adriene,Yoga Camp Day 7 - I Am Capable,"Yoga Camp - Day 7. The power of word and thought in full effect in this unique yoga practice. Find stability and connect with your breath. Practicing mindfulness as we create space and build muscle tone. Extra yoga for the feet, legs, neck, and shoulders today. Even a little massage! Find What Feels Good. You are doing great. 

Share your experience down below and with #YOGACAMP

- - - - - -

#30daysofyoga #YogaCamp #homeyoga

  
- - - - - - - - - - 

â¤ï¸SUBSCRIBE to the YWA channel for free yoga videos every week and to support high-quality free yoga for all! â¤ï¸
https://www.youtube.com/user/yogawithadriene?sub_confirmation=1

- - - - - - - - - - 

ğŸ§˜ğŸ½â™‚ï¸ğŸ§˜â™€ï¸Become a FWFG YOGA member! ğŸ§˜ğŸ»â™‚ï¸ğŸ§˜ğŸ¿â™€ï¸
https://fwfg.com/?via=adriene
Join Find What Feels Good and access over 700 videos including yoga and meditation for all levels. Explore daily practices, workshops, in-depth learning, weekly or monthly accountability series, and an opportunity to connect with a one of a kind global community. This is your one-stop-shop for yoga, creativity, wellness, and all things FWFG. Try it FREE for 7 Days! 

- - - - - - - - - - 

ğŸ—“Get your FREE Yoga Calendar: ğŸ—“
http://yogawithadriene.com/calendar/

- - - - - - - - - - 

More at www.yogawithadriene.com
â–¶ï¸ Instagram: @adrienelouise
â–¶ï¸ Twitter: @yogawithadriene
â–¶ï¸ Facebook: Yoga With Adriene
â–¶ï¸ Shop: https://shop.fwfg.com

- - - - - - - - - - 

Music by Shakey Graves: 
https://www.shakeygraves.com

- - - - - - - - - - 

Yoga With Adriene, LLC recommends that you consult your physician regarding the applicability of any recommendations and follow all safety instructions before beginning any exercise program. When participating in any exercise or exercise program, there is the possibility of physical injury. If you engage in this exercise or exercise program, you agree that you do so at your own risk, are voluntarily participating in these activities, assume all risk of injury to yourself.",2016-01-08T12:00:00Z,15,841604,0,0,0,0,8385,0,0,729,23:59:00,23.983333333333334,0,0,30,9843,"yoga,yoga camp,yoga with adriene,yoga practice,yoga for abs,yoga for strength,yoga for flexibility,hatha yoga,wellness,fitness,health,healthly living,yoga life,yogi,adriene mishler"
8,Yoga With Adriene,Yoga Camp Day 8 - I Choose,"Yoga Camp - Day 8. 30 Days Of Yoga Camp continues with this yummy restorative practice. Let your hair down, take a break off the arms and wrists. Rejuvenate and restore. The mantra today is I Choose. A subtle but powerful practice, this stretchy, soothing, healing yoga will leave you feeling balanced and open. This half hour yoga practice will assist you in practicing simply being present, focusing on the breath and on where you are at today. Find What Feels Good. Slow it down with this relaxing sequence for the whole body. If there has been anything that is stressing you out or worrying you, choose to let go. Don't hate, meditate, feel great!!! Happy Day 8!

Share your experience down below and with #YOGACAMP

- - - - - -

#30daysofyoga #YogaCamp #homeyoga

  
- - - - - - - - - - 

â¤ï¸SUBSCRIBE to the YWA channel for free yoga videos every week and to support high-quality free yoga for all! â¤ï¸
https://www.youtube.com/user/yogawithadriene?sub_confirmation=1

- - - - - - - - - - 

ğŸ§˜ğŸ½â™‚ï¸ğŸ§˜â™€ï¸Become a FWFG YOGA member! ğŸ§˜ğŸ»â™‚ï¸ğŸ§˜ğŸ¿â™€ï¸
https://fwfg.com/?via=adriene
Join Find What Feels Good and access over 700 videos including yoga and meditation for all levels. Explore daily practices, workshops, in-depth learning, weekly or monthly accountability series, and an opportunity to connect with a one of a kind global community. This is your one-stop-shop for yoga, creativity, wellness, and all things FWFG. Try it FREE for 7 Days! 

- - - - - - - - - - 

ğŸ—“Get your FREE Yoga Calendar: ğŸ—“
http://yogawithadriene.com/calendar/

- - - - - - - - - - 

More at www.yogawithadriene.com
â–¶ï¸ Instagram: @adrienelouise
â–¶ï¸ Twitter: @yogawithadriene
â–¶ï¸ Facebook: Yoga With Adriene
â–¶ï¸ Shop: https://shop.fwfg.com

- - - - - - - - - - 

Music by Shakey Graves: 
https://www.shakeygraves.com

- - - - - - - - - - 

Yoga With Adriene, LLC recommends that you consult your physician regarding the applicability of any recommendations and follow all safety instructions before beginning any exercise program. When participating in any exercise or exercise program, there is the possibility of physical injury. If you engage in this exercise or exercise program, you agree that you do so at your own risk, are voluntarily participating in these activities, assume all risk of injury to yourself.",2016-01-09T12:00:00Z,16,830538,0,0,0,0,8032,0,0,768,1900-01-01 05:56:00,29.933333333333334,0,0,26,9568,"yoga,yoga with adriene,30 days of yoga,yoga camp,yoga practice,restorative yoga,hatha yoga,meditation,healing yoga,yoga for relaxation,health,fitness,wellness,yoga for flexibility,yoga for stress,yoga for anxiety"
9,Yoga With Adriene,Yoga Camp Day 9 - I Am Bold,"Yoga Camp - Day 9. Tune in with the breath and cultivate strength with the mantra, I Am Bold. Use this practice to focus on process over product. Practice presence as you move through your yoga asana. Give thanks for this time for yourself. Way to show up! Listen to your body. You are your own best teacher. Be bold, own this time for yourself. Have fun! 

Share your experience down below and with #YOGACAMP

- - - - - -

#30daysofyoga #YogaCamp #homeyoga

  
- - - - - - - - - - 

â¤ï¸SUBSCRIBE to the YWA channel for free yoga videos every week and to support high-quality free yoga for all! â¤ï¸
https://www.youtube.com/user/yogawithadriene?sub_confirmation=1

- - - - - - - - - - 

ğŸ§˜ğŸ½â™‚ï¸ğŸ§˜â™€ï¸Become a FWFG YOGA member! ğŸ§˜ğŸ»â™‚ï¸ğŸ§˜ğŸ¿â™€ï¸
https://fwfg.com/?via=adriene
Join Find What Feels Good and access over 700 videos including yoga and meditation for all levels. Explore daily practices, workshops, in-depth learning, weekly or monthly accountability series, and an opportunity to connect with a one of a kind global community. This is your one-stop-shop for yoga, creativity, wellness, and all things FWFG. Try it FREE for 7 Days! 

- - - - - - - - - - 

ğŸ—“Get your FREE Yoga Calendar: ğŸ—“
http://yogawithadriene.com/calendar/

- - - - - - - - - - 

More at www.yogawithadriene.com
â–¶ï¸ Instagram: @adrienelouise
â–¶ï¸ Twitter: @yogawithadriene
â–¶ï¸ Facebook: Yoga With Adriene
â–¶ï¸ Shop: https://shop.fwfg.com

- - - - - - - - - - 

Music by Shakey Graves: 
https://www.shakeygraves.com

- - - - - - - - - - 

Yoga With Adriene, LLC recommends that you consult your physician regarding the applicability of any recommendations and follow all safety instructions before beginning any exercise program. When participating in any exercise or exercise program, there is the possibility of physical injury. If you engage in this exercise or exercise program, you agree that you do so at your own risk, are voluntarily participating in these activities, assume all risk of injury to yourself.",2016-01-10T12:00:00Z,19,786890,0,0,0,0,7143,0,0,473,1900-01-01 09:40:00,33.666666666666664,0,0,27,8089,"yoga,yoga camp,yoga with adriene,30 days of yoga,30 days of yoga camp,hatha yoga,yoga for flexibility,yoga for strength,fitness,yogi,wellness,mantra,meditation,health,yoga for weightloss,healthy lifestyle,yoga flow,yoga for stress,yoga for relaxation"
10,Yoga With Adriene,Yoga Camp Day 10 - I Am Present,"Yoga Camp - Day 10. This yoga practice is what it is all about. Practice presence. Focus on the sensations and get to know your body, well. Recognize your thought patterns. Dive in with the breath. The mantra today is I Am Present. 

Share your experience down below and with #YOGACAMP

- - - - - -

#30daysofyoga #YogaCamp #homeyoga

  
- - - - - - - - - - 

â¤ï¸SUBSCRIBE to the YWA channel for free yoga videos every week and to support high-quality free yoga for all! â¤ï¸
https://www.youtube.com/user/yogawithadriene?sub_confirmation=1

- - - - - - - - - - 

ğŸ§˜ğŸ½â™‚ï¸ğŸ§˜â™€ï¸Become a FWFG YOGA member! ğŸ§˜ğŸ»â™‚ï¸ğŸ§˜ğŸ¿â™€ï¸
https://fwfg.com/?via=adriene
Join Find What Feels Good and access over 700 videos including yoga and meditation for all levels. Explore daily practices, workshops, in-depth learning, weekly or monthly accountability series, and an opportunity to connect with a one of a kind global community. This is your one-stop-shop for yoga, creativity, wellness, and all things FWFG. Try it FREE for 7 Days! 

- - - - - - - - - - 

ğŸ—“Get your FREE Yoga Calendar: ğŸ—“
http://yogawithadriene.com/calendar/

- - - - - - - - - - 

More at www.yogawithadriene.com
â–¶ï¸ Instagram: @adrienelouise
â–¶ï¸ Twitter: @yogawithadriene
â–¶ï¸ Facebook: Yoga With Adriene
â–¶ï¸ Shop: https://shop.fwfg.com

- - - - - - - - - - 

Music by Shakey Graves: 
https://www.shakeygraves.com

- - - - - - - - - - 

Yoga With Adriene, LLC recommends that you consult your physician regarding the applicability of any recommendations and follow all safety instructions before beginning any exercise program. When participating in any exercise or exercise program, there is the possibility of physical injury. If you engage in this exercise or exercise program, you agree that you do so at your own risk, are voluntarily participating in these activities, assume all risk of injury to yourself.",2016-01-11T12:00:01Z,17,703688,0,0,0,0,6790,0,0,541,1900-01-01 15:41:00,39.68333333333334,0,0,31,7872,"yoga,yoga camp,yoga practice,find what feels good,yoga with adriene,yoga at home,yogi,fitness,yoga for wellness,wellness,yoga workout,yoga life,hatha yoga,yoga for strength,yoga for healing,mantra,meditation"
11,Yoga With Adriene,Yoga Camp - Day 11 - I Release,"Yoga Camp - Day 11. The hard part is getting to the mat. If you are reading this then you are so close! Hop on the mat for a strong and healing practice. This one is full of home practice gems! 

The mantra today is I Release. Let go of that which is no longer serving you. Release tension through asana and pranayama. Create space for fresh energy. Practice loosening up. Release your grip on the things you cannot control. Have a sweet conversation with your deep breath. Come on now, let's take advantage of today's powerful mantra. Full body practice with lots of opportunity to detox as well as loosen up and let go. Includes some of my favorite Kundalini Yoga gems! Enjoy! Stay curious! Accept where you are today and Find What Feels Good. Share what you used for your creative prop down below!

Share your experience down below and with #YOGACAMP

- - - - - -

#30daysofyoga #YogaCamp #homeyoga

  
- - - - - - - - - - 

â¤ï¸SUBSCRIBE to the YWA channel for free yoga videos every week and to support high-quality free yoga for all! â¤ï¸
https://www.youtube.com/user/yogawithadriene?sub_confirmation=1

- - - - - - - - - - 

ğŸ§˜ğŸ½â™‚ï¸ğŸ§˜â™€ï¸Become a FWFG YOGA member! ğŸ§˜ğŸ»â™‚ï¸ğŸ§˜ğŸ¿â™€ï¸
https://fwfg.com/?via=adriene
Join Find What Feels Good and access over 700 videos including yoga and meditation for all levels. Explore daily practices, workshops, in-depth learning, weekly or monthly accountability series, and an opportunity to connect with a one of a kind global community. This is your one-stop-shop for yoga, creativity, wellness, and all things FWFG. Try it FREE for 7 Days! 

- - - - - - - - - - 

ğŸ—“Get your FREE Yoga Calendar: ğŸ—“
http://yogawithadriene.com/calendar/

- - - - - - - - - - 

More at www.yogawithadriene.com
â–¶ï¸ Instagram: @adrienelouise
â–¶ï¸ Twitter: @yogawithadriene
â–¶ï¸ Facebook: Yoga With Adriene
â–¶ï¸ Shop: https://shop.fwfg.com

- - - - - - - - - - 

Music by Shakey Graves: 
https://www.shakeygraves.com

- - - - - - - - - - 

Yoga With Adriene, LLC recommends that you consult your physician regarding the applicability of any recommendations and follow all safety instructions before beginning any exercise program. When participating in any exercise or exercise program, there is the possibility of physical injury. If you engage in this exercise or exercise program, you agree that you do so at your own risk, are voluntarily participating in these activities, assume all risk of injury to yourself.",2016-01-12T12:00:00Z,25,735791,0,0,0,0,7973,0,0,1387,1900-01-01 20:58:00,44.96666666666667,0,0,30,10747,"yoga,yoga camp,yoga with adriene,healing yoga,hatha yoga,pranayama,yoga breathing,mantra,affirmations,healing mantras,healing affirmations,yoga flow,yoga detox,wellness,health,yoga for detox,yoga for energy,yoga for the spine,yoga for flexibility,yoga for neck and shoulders,energy,chakras,yoga for chakras,spirituality,vinyasa"
12,Yoga With Adriene,Yoga Camp - Day 12 - I Trust,"Yoga Camp - Day 12! This 20 min practice invites you to the yoga mat to connect and develop your intuition. Ease into it by opening the shoulders, hips, and heart. The Day 12 yoga sequence invites a strong connect to your center, assisting with building balance and stability, improving posture, and welcome grace. Trust your practice. Trust your intuition. Trust it.

Share your experience down below and with #YOGACAMP

- - - - - -

#30daysofyoga #YogaCamp #homeyoga

  
- - - - - - - - - - 

â¤ï¸SUBSCRIBE to the YWA channel for free yoga videos every week and to support high-quality free yoga for all! â¤ï¸
https://www.youtube.com/user/yogawithadriene?sub_confirmation=1

- - - - - - - - - - 

ğŸ§˜ğŸ½â™‚ï¸ğŸ§˜â™€ï¸Become a FWFG YOGA member! ğŸ§˜ğŸ»â™‚ï¸ğŸ§˜ğŸ¿â™€ï¸
https://fwfg.com/?via=adriene
Join Find What Feels Good and access over 700 videos including yoga and meditation for all levels. Explore daily practices, workshops, in-depth learning, weekly or monthly accountability series, and an opportunity to connect with a one of a kind global community. This is your one-stop-shop for yoga, creativity, wellness, and all things FWFG. Try it FREE for 7 Days! 

- - - - - - - - - - 

ğŸ—“Get your FREE Yoga Calendar: ğŸ—“
http://yogawithadriene.com/calendar/

- - - - - - - - - - 

More at www.yogawithadriene.com
â–¶ï¸ Instagram: @adrienelouise
â–¶ï¸ Twitter: @yogawithadriene
â–¶ï¸ Facebook: Yoga With Adriene
â–¶ï¸ Shop: https://shop.fwfg.com

- - - - - - - - - - 

Music by Shakey Graves: 
https://www.shakeygraves.com

- - - - - - - - - - 

Yoga With Adriene, LLC recommends that you consult your physician regarding the applicability of any recommendations and follow all safety instructions before beginning any exercise program. When participating in any exercise or exercise program, there is the possibility of physical injury. If you engage in this exercise or exercise program, you agree that you do so at your own risk, are voluntarily participating in these activities, assume all risk of injury to yourself.",2016-01-13T12:00:00Z,22,627148,0,0,0,0,6040,0,0,482,22:08:00,22.133333333333333,0,0,28,7004,"yoga,yoga with adriene,yoga at home,30 days of yoga,30 days of yoga camp,yoga camp,30 day yoga challenge,yoga for strength,yoga for weightloss,yoga basics,yoga for wellness,fitness,yoga workout,yoga for back pain,mantra,meditation,self help,yoga for stress relief,yoga for depression,affirmations,adriene mishler,hatha yoga"
13,Yoga With Adriene,Yoga Camp - Day 13 - I Deserve,"Yoga Camp Day 13. It's your lucky day! Join Adriene for this blend of yummy gentle yoga. You deserve it. Cultivate awareness and find something new through this supportive yin-like practice. Tap into your inner smile. Refresh your body and mind with this solid guided home practice. You got this.

Share your experience down below and with #YOGACAMP

- - - - - -

#30daysofyoga #YogaCamp #homeyoga

  
- - - - - - - - - - 

â¤ï¸SUBSCRIBE to the YWA channel for free yoga videos every week and to support high-quality free yoga for all! â¤ï¸
https://www.youtube.com/user/yogawithadriene?sub_confirmation=1

- - - - - - - - - - 

ğŸ§˜ğŸ½â™‚ï¸ğŸ§˜â™€ï¸Become a FWFG YOGA member! ğŸ§˜ğŸ»â™‚ï¸ğŸ§˜ğŸ¿â™€ï¸
https://fwfg.com/?via=adriene
Join Find What Feels Good and access over 700 videos including yoga and meditation for all levels. Explore daily practices, workshops, in-depth learning, weekly or monthly accountability series, and an opportunity to connect with a one of a kind global community. This is your one-stop-shop for yoga, creativity, wellness, and all things FWFG. Try it FREE for 7 Days! 

- - - - - - - - - - 

ğŸ—“Get your FREE Yoga Calendar: ğŸ—“
http://yogawithadriene.com/calendar/

- - - - - - - - - - 

More at www.yogawithadriene.com
â–¶ï¸ Instagram: @adrienelouise
â–¶ï¸ Twitter: @yogawithadriene
â–¶ï¸ Facebook: Yoga With Adriene
â–¶ï¸ Shop: https://shop.fwfg.com

- - - - - - - - - - 

Music by Shakey Graves: 
https://www.shakeygraves.com

- - - - - - - - - - 

Yoga With Adriene, LLC recommends that you consult your physician regarding the applicability of any recommendations and follow all safety instructions before beginning any exercise program. When participating in any exercise or exercise program, there is the possibility of physical injury. If you engage in this exercise or exercise program, you agree that you do so at your own risk, are voluntarily participating in these activities, assume all risk of injury to yourself.",2016-01-14T12:00:00Z,28,635125,0,0,0,0,6096,0,0,476,1900-01-01 10:09:00,34.15,0,0,30,7048,"yoga,yoga with adriene,hatha yoga,total body yoga,gentle yoga,yoga for beginners,restorative yoga,meditation,home yoga practice,relaxation,yoga for stress,yoga for relaxation,yoga camp,30 days of yoga,30 days of yoga camp,yoga for bedtime,yoga for anxiety,health,healthy lifestyle,yoga lifestyle,yoga for bad mood,yoga for energy,yin yoga,find what feels good,wellness,yoga for the spine,yoga for back pain,yoga for the feet"
14,Yoga With Adriene,Yoga Camp - Day 14 - Go With The Flow,"Yoga Camp Day 14. Go With The Flow. Yoga Camp Vinyasa. Or - Yoga For Control Freaks. Or Yoga For Stubborn People. 30 min yoga workout for the mind and body. Welcome heat, move with your breath, and get your heart rate going! This fierce practice welcomes transformation. Beginners (and everyone) take breaks and meet your boundaries - don't push beyond. Everyone, balance with a cool down and a connect to your mantra. 

You have heard it before. Go With The Flow. You try with all your might. But, how does it go? Tools of yoga camp to the rescue! Develop full body awareness, practice being present, and listening to the body in a way in which you can practice going with the flow. Take it off the mat and into your every day. Can you listen before you react? What does it feel like to release your grip and go with the flow? Meet your edge mindfully. Enjoy! 

Share your experience down below and with #YOGACAMP

- - - - - -

#30daysofyoga #YogaCamp #homeyoga

  
- - - - - - - - - - 

â¤ï¸SUBSCRIBE to the YWA channel for free yoga videos every week and to support high-quality free yoga for all! â¤ï¸
https://www.youtube.com/user/yogawithadriene?sub_confirmation=1

- - - - - - - - - - 

ğŸ§˜ğŸ½â™‚ï¸ğŸ§˜â™€ï¸Become a FWFG YOGA member! ğŸ§˜ğŸ»â™‚ï¸ğŸ§˜ğŸ¿â™€ï¸
https://fwfg.com/?via=adriene
Join Find What Feels Good and access over 700 videos including yoga and meditation for all levels. Explore daily practices, workshops, in-depth learning, weekly or monthly accountability series, and an opportunity to connect with a one of a kind global community. This is your one-stop-shop for yoga, creativity, wellness, and all things FWFG. Try it FREE for 7 Days! 

- - - - - - - - - - 

ğŸ—“Get your FREE Yoga Calendar: ğŸ—“
http://yogawithadriene.com/calendar/

- - - - - - - - - - 

More at www.yogawithadriene.com
â–¶ï¸ Instagram: @adrienelouise
â–¶ï¸ Twitter: @yogawithadriene
â–¶ï¸ Facebook: Yoga With Adriene
â–¶ï¸ Shop: https://shop.fwfg.com

- - - - - - - - - - 

Music by Shakey Graves: 
https://www.shakeygraves.com

- - - - - - - - - - 

Yoga With Adriene, LLC recommends that you consult your physician regarding the applicability of any recommendations and follow all safety instructions before beginning any exercise program. When participating in any exercise or exercise program, there is the possibility of physical injury. If you engage in this exercise or exercise program, you agree that you do so at your own risk, are voluntarily participating in these activities, assume all risk of injury to yourself.",2016-01-15T12:00:01Z,29,598133,0,0,0,0,5966,0,0,426,1900-01-01 05:42:00,29.700000000000003,0,0,37,6818,"yoga,yoga camp,yoga with adriene,yoga at home,yoga practice,yogi,yoga every day,hatha yoga,yoga for flexibility,yoga for the heart,yoga flow,vinyasa,yoga for strength,healthy,health,happy,yoga for confidence,meditation,namaste,adriene mishler,yoga for health,wellness,mind body soul,pranayama,yoga breathing,yoga for spine,yoga for neck and shoulders,fitness,30 day yoga challenge"
15,Yoga With Adriene,Yoga Camp - Day 15 - I Am Open,"Yoga Camp - Day 15. We are halfway there! This yoga practice works both mind and body inviting you to connect and create space. Celebrate meeting the halfway mark by opening yourself up to something new. This practice strengthens and lengthens. Open your heart, open your mind, open yourself to all possibilities. Strong attention to the breath in this sequence and a strong return to self-exploration. Stick with it! You are doing something challenging and awesome for yourself. Celebrate the halfway point and dive in! 

Share your experience down below and with #YOGACAMP

- - - - - -

#30daysofyoga #YogaCamp #homeyoga

  
- - - - - - - - - - 

â¤ï¸SUBSCRIBE to the YWA channel for free yoga videos every week and to support high-quality free yoga for all! â¤ï¸
https://www.youtube.com/user/yogawithadriene?sub_confirmation=1

- - - - - - - - - - 

ğŸ§˜ğŸ½â™‚ï¸ğŸ§˜â™€ï¸Become a FWFG YOGA member! ğŸ§˜ğŸ»â™‚ï¸ğŸ§˜ğŸ¿â™€ï¸
https://fwfg.com/?via=adriene
Join Find What Feels Good and access over 700 videos including yoga and meditation for all levels. Explore daily practices, workshops, in-depth learning, weekly or monthly accountability series, and an opportunity to connect with a one of a kind global community. This is your one-stop-shop for yoga, creativity, wellness, and all things FWFG. Try it FREE for 7 Days! 

- - - - - - - - - - 

ğŸ—“Get your FREE Yoga Calendar: ğŸ—“
http://yogawithadriene.com/calendar/

- - - - - - - - - - 

More at www.yogawithadriene.com
â–¶ï¸ Instagram: @adrienelouise
â–¶ï¸ Twitter: @yogawithadriene
â–¶ï¸ Facebook: Yoga With Adriene
â–¶ï¸ Shop: https://shop.fwfg.com

- - - - - - - - - - 

Music by Shakey Graves: 
https://www.shakeygraves.com

- - - - - - - - - - 

Yoga With Adriene, LLC recommends that you consult your physician regarding the applicability of any recommendations and follow all safety instructions before beginning any exercise program. When participating in any exercise or exercise program, there is the possibility of physical injury. If you engage in this exercise or exercise program, you agree that you do so at your own risk, are voluntarily participating in these activities, assume all risk of injury to yourself.",2016-01-16T12:00:00Z,22,616184,0,0,0,0,6168,0,0,459,1900-01-01 15:33:00,39.55,0,0,30,7086,"yoga,yoga camp,yoga with adriene,30 days of yoga camp,yoga for the heart,stretching,fitness,fit,wellness,yoga for weight loss,yoga workout,yoga practice,yogi,hatha yoga,yoga for strength,yoga for flexibility,yoga at home,yoga routine,pranayama,meditation,mantra,affirmations"
16,Yoga With Adriene,Yoga Camp - Day 16 - I Enjoy,"Yoga Camp - Day 16! The second half of camp begins today and we are taking a day to tap into the joy of yoga in preparation for the next two weeks. This stretchy yoga sequence is short and sweet. Stretch the muscles you toned and strengthened yesterday. Tap into the breath and choose to enjoy! You are doing GREAT.

Share your experience down below and with #YOGACAMP

- - - - - -

#30daysofyoga #YogaCamp #homeyoga

  
- - - - - - - - - - 

â¤ï¸SUBSCRIBE to the YWA channel for free yoga videos every week and to support high-quality free yoga for all! â¤ï¸
https://www.youtube.com/user/yogawithadriene?sub_confirmation=1

- - - - - - - - - - 

ğŸ§˜ğŸ½â™‚ï¸ğŸ§˜â™€ï¸Become a FWFG YOGA member! ğŸ§˜ğŸ»â™‚ï¸ğŸ§˜ğŸ¿â™€ï¸
https://fwfg.com/?via=adriene
Join Find What Feels Good and access over 700 videos including yoga and meditation for all levels. Explore daily practices, workshops, in-depth learning, weekly or monthly accountability series, and an opportunity to connect with a one of a kind global community. This is your one-stop-shop for yoga, creativity, wellness, and all things FWFG. Try it FREE for 7 Days! 

- - - - - - - - - - 

ğŸ—“Get your FREE Yoga Calendar: ğŸ—“
http://yogawithadriene.com/calendar/

- - - - - - - - - - 

More at www.yogawithadriene.com
â–¶ï¸ Instagram: @adrienelouise
â–¶ï¸ Twitter: @yogawithadriene
â–¶ï¸ Facebook: Yoga With Adriene
â–¶ï¸ Shop: https://shop.fwfg.com

- - - - - - - - - - 

Music by Shakey Graves: 
https://www.shakeygraves.com

- - - - - - - - - - 

Yoga With Adriene, LLC recommends that you consult your physician regarding the applicability of any recommendations and follow all safety instructions before beginning any exercise program. When participating in any exercise or exercise program, there is the possibility of physical injury. If you engage in this exercise or exercise program, you agree that you do so at your own risk, are voluntarily participating in these activities, assume all risk of injury to yourself.",2016-01-17T12:00:00Z,29,795564,0,0,0,0,7253,0,0,460,15:44:00,15.733333333333334,0,0,28,8173,"yoga,yoga with adriene,yoga practice,hatha yoga,yogi,yoga camp,30 Days Of Yoga Camp,yoga for strength,yoga for happiness,yoga for flexibility,yoga for back pain,find what feels good,yoga for beginners,gentle yoga,downward dog,yoga for health,health,wellness,fitness,yoga workout,yoga fit,meditation,mantra,pranayama,yoga for good posture,the joy of yoga,affirmations,stretching,strength and conditioning"
17,Yoga With Adriene,Yoga Camp - Day 17 - I Am Focused,"Yoga Camp - Day 17. Time to focus. You have built a strong foundation here in Yoga Camp! It has been an incredible journey so far. Let's keep going. Go deeper. Notice where you are today and ask yourself if there is an area of your life that could use focus, or a refocusing? This practice will guide you. Peel back a new layer. Or battle a new level. Be patient. Connect to your center. Grow your breath practice. Marry movement to breath, breath to movement. Use this time to connect to your body and your energy. Yoga Camp continues! 
TRUST. Stay focused. 

Share your experience down below and with #YOGACAMP

- - - - - -

#30daysofyoga #YogaCamp #homeyoga

  
- - - - - - - - - - 

â¤ï¸SUBSCRIBE to the YWA channel for free yoga videos every week and to support high-quality free yoga for all! â¤ï¸
https://www.youtube.com/user/yogawithadriene?sub_confirmation=1

- - - - - - - - - - 

ğŸ§˜ğŸ½â™‚ï¸ğŸ§˜â™€ï¸Become a FWFG YOGA member! ğŸ§˜ğŸ»â™‚ï¸ğŸ§˜ğŸ¿â™€ï¸
https://fwfg.com/?via=adriene
Join Find What Feels Good and access over 700 videos including yoga and meditation for all levels. Explore daily practices, workshops, in-depth learning, weekly or monthly accountability series, and an opportunity to connect with a one of a kind global community. This is your one-stop-shop for yoga, creativity, wellness, and all things FWFG. Try it FREE for 7 Days! 

- - - - - - - - - - 

ğŸ—“Get your FREE Yoga Calendar: ğŸ—“
http://yogawithadriene.com/calendar/

- - - - - - - - - - 

More at www.yogawithadriene.com
â–¶ï¸ Instagram: @adrienelouise
â–¶ï¸ Twitter: @yogawithadriene
â–¶ï¸ Facebook: Yoga With Adriene
â–¶ï¸ Shop: https://shop.fwfg.com

- - - - - - - - - - 

Music by Shakey Graves: 
https://www.shakeygraves.com

- - - - - - - - - - 

Yoga With Adriene, LLC recommends that you consult your physician regarding the applicability of any recommendations and follow all safety instructions before beginning any exercise program. When participating in any exercise or exercise program, there is the possibility of physical injury. If you engage in this exercise or exercise program, you agree that you do so at your own risk, are voluntarily participating in these activities, assume all risk of injury to yourself.",2016-01-18T12:00:00Z,30,566496,0,0,0,0,5919,0,0,483,1900-01-01 03:28:00,27.466666666666665,0,0,33,6885,"yoga,yoga camp,30 days of yoga camp,yoga for strength,yoga flow,self love,yoga vinyasa,yogic breathing,yogi,yoga life,hatha yoga,yoga with adriene,yoga everyday,yoga for weight loss,wellness,health,healthy lifestyle,yoga lifestyle,adriene mishler,yoga for stress relief,yoga for back pain,yoga today,home practice,yoga for energy,pranayama,breath retention,yoga foundations,ujayii breath,mind and body,mind body yoga"
18,Yoga With Adriene,Yoga Camp - Day 18 - I Surrender,"Yoga Camp - Day 18. I know it is hard to get to the mat, but you are doing GREAT. What does day 18 have in store? Let's find out. This practice guides us to stretch, tone, and practice creating a full-body experience through spinal and breath work. This yoga reminds us to connect or re-connect to the big picture. Feeling stuck?  Not getting what you want? Connect your mantra to the movement and... practice. I never said it would all be easy. But work to find ease. Surrender and breathe. Stick with it. This one is great for the wrists. 

You can. Let me know how it goes! 

Share your experience down below and with #YOGACAMP

- - - - - -

#30daysofyoga #YogaCamp #homeyoga

  
- - - - - - - - - - 

â¤ï¸SUBSCRIBE to the YWA channel for free yoga videos every week and to support high-quality free yoga for all! â¤ï¸
https://www.youtube.com/user/yogawithadriene?sub_confirmation=1

- - - - - - - - - - 

ğŸ§˜ğŸ½â™‚ï¸ğŸ§˜â™€ï¸Become a FWFG YOGA member! ğŸ§˜ğŸ»â™‚ï¸ğŸ§˜ğŸ¿â™€ï¸
https://fwfg.com/?via=adriene
Join Find What Feels Good and access over 700 videos including yoga and meditation for all levels. Explore daily practices, workshops, in-depth learning, weekly or monthly accountability series, and an opportunity to connect with a one of a kind global community. This is your one-stop-shop for yoga, creativity, wellness, and all things FWFG. Try it FREE for 7 Days! 

- - - - - - - - - - 

ğŸ—“Get your FREE Yoga Calendar: ğŸ—“
http://yogawithadriene.com/calendar/

- - - - - - - - - - 

More at www.yogawithadriene.com
â–¶ï¸ Instagram: @adrienelouise
â–¶ï¸ Twitter: @yogawithadriene
â–¶ï¸ Facebook: Yoga With Adriene
â–¶ï¸ Shop: https://shop.fwfg.com

- - - - - - - - - - 

Music by Shakey Graves: 
https://www.shakeygraves.com

- - - - - - - - - - 

Yoga With Adriene, LLC recommends that you consult your physician regarding the applicability of any recommendations and follow all safety instructions before beginning any exercise program. When participating in any exercise or exercise program, there is the possibility of physical injury. If you engage in this exercise or exercise program, you agree that you do so at your own risk, are voluntarily participating in these activities, assume all risk of injury to yourself.",2016-01-19T12:00:03Z,31,521898,0,0,0,0,5311,0,0,353,1900-01-01 06:17:00,30.283333333333335,0,0,32,6017,"yoga,yoga camp,yoga with adriene,yoga streching,adriene mishler,core yoga,yoga for strength,yoga for the spine,yoga for back pain,mantra,meditation,wellness,yoga for depression,compassion,fitness,yoga foundations,yoga for beginners,yoga basics,yoga workout,yoga for wrists,yoga flow,prana,pranayama,30 days of yoga camp,30 days of yoga,yoga fit,yoga (sport),30 day yoga challenge,yogi,online yoga,austin yoga instructor"
19,Yoga With Adriene,Yoga Camp - Day 19 - I Respect,"Yoga Camp - Day 19. Mind and Body. We don't call these videos yoga for hips, yoga for the spine. Yoga Camp takes a whole-body approach! Check in with your body and check your thoughts. An approach that requires you to think big picture and cultivate self-respect. Go deeper. Build on yesterday's practice. Respect your inner wisdom and hop on the mat! 

Share your experience down below and with #YOGACAMP

- - - - - -

#30daysofyoga #YogaCamp #homeyoga

  
- - - - - - - - - - 

â¤ï¸SUBSCRIBE to the YWA channel for free yoga videos every week and to support high-quality free yoga for all! â¤ï¸
https://www.youtube.com/user/yogawithadriene?sub_confirmation=1

- - - - - - - - - - 

ğŸ§˜ğŸ½â™‚ï¸ğŸ§˜â™€ï¸Become a FWFG YOGA member! ğŸ§˜ğŸ»â™‚ï¸ğŸ§˜ğŸ¿â™€ï¸
https://fwfg.com/?via=adriene
Join Find What Feels Good and access over 700 videos including yoga and meditation for all levels. Explore daily practices, workshops, in-depth learning, weekly or monthly accountability series, and an opportunity to connect with a one of a kind global community. This is your one-stop-shop for yoga, creativity, wellness, and all things FWFG. Try it FREE for 7 Days! 

- - - - - - - - - - 

ğŸ—“Get your FREE Yoga Calendar: ğŸ—“
http://yogawithadriene.com/calendar/

- - - - - - - - - - 

More at www.yogawithadriene.com
â–¶ï¸ Instagram: @adrienelouise
â–¶ï¸ Twitter: @yogawithadriene
â–¶ï¸ Facebook: Yoga With Adriene
â–¶ï¸ Shop: https://shop.fwfg.com

- - - - - - - - - - 

Music by Shakey Graves: 
https://www.shakeygraves.com

- - - - - - - - - - 

Yoga With Adriene, LLC recommends that you consult your physician regarding the applicability of any recommendations and follow all safety instructions before beginning any exercise program. When participating in any exercise or exercise program, there is the possibility of physical injury. If you engage in this exercise or exercise program, you agree that you do so at your own risk, are voluntarily participating in these activities, assume all risk of injury to yourself.",2016-01-20T12:00:00Z,28,490216,0,0,0,0,5203,0,0,366,1900-01-01 08:07:00,32.11666666666667,0,0,30,5935,"yoga,yoga with adriene,yoga for mind and body,yoga camp,30 days of yoga,30 days of yoga camp,30 day yoga challenge,yoga for flexibility,yoga for energy,yoga for wellness,meditation,hatha yoga,yoga for strength,yoga work out,respect,yoga practice,arethea franklin,home yoga practice,yoga foundations,self love,self help,yoga workout,yoga at home,adriene mishler,yoga fit,yoga (sport),yoga every day,online yoga"
20,Yoga With Adriene,Yoga Camp - Day 20 - I Am Worthy,"Yoga Camp - Day 20! This yoga practice offers neck and shoulder hygiene, hip openers, and a yoga camp core check-in. Use the alternate nostril breathing to focus on your breath today. Use your breath to find expansion. Build body awareness and cultivate self-love as you increase flexibility and work to live pain-free. Release stress and remove anxiety. In the next ten days, we will begin to incorporate more pranayama or yogic breath work. Welcome a happy mind and a happy body - let's hop to it. Because you are worth it.

Share your experience down below and with #YOGACAMP

- - - - - -

#30daysofyoga #YogaCamp #homeyoga

  
- - - - - - - - - - 

â¤ï¸SUBSCRIBE to the YWA channel for free yoga videos every week and to support high-quality free yoga for all! â¤ï¸
https://www.youtube.com/user/yogawithadriene?sub_confirmation=1

- - - - - - - - - - 

ğŸ§˜ğŸ½â™‚ï¸ğŸ§˜â™€ï¸Become a FWFG YOGA member! ğŸ§˜ğŸ»â™‚ï¸ğŸ§˜ğŸ¿â™€ï¸
https://fwfg.com/?via=adriene
Join Find What Feels Good and access over 700 videos including yoga and meditation for all levels. Explore daily practices, workshops, in-depth learning, weekly or monthly accountability series, and an opportunity to connect with a one of a kind global community. This is your one-stop-shop for yoga, creativity, wellness, and all things FWFG. Try it FREE for 7 Days! 

- - - - - - - - - - 

ğŸ—“Get your FREE Yoga Calendar: ğŸ—“
http://yogawithadriene.com/calendar/

- - - - - - - - - - 

More at www.yogawithadriene.com
â–¶ï¸ Instagram: @adrienelouise
â–¶ï¸ Twitter: @yogawithadriene
â–¶ï¸ Facebook: Yoga With Adriene
â–¶ï¸ Shop: https://shop.fwfg.com

- - - - - - - - - - 

Music by Shakey Graves: 
https://www.shakeygraves.com

- - - - - - - - - - 

Yoga With Adriene, LLC recommends that you consult your physician regarding the applicability of any recommendations and follow all safety instructions before beginning any exercise program. When participating in any exercise or exercise program, there is the possibility of physical injury. If you engage in this exercise or exercise program, you agree that you do so at your own risk, are voluntarily participating in these activities, assume all risk of injury to yourself.",2016-01-21T12:00:00Z,18,497942,0,0,0,0,5310,0,0,445,1900-01-01 04:25:00,28.416666666666664,0,0,32,6200,"yoga camp,yoga,yoga with adriene,yoga for flexibility,yoga for strength,hatha yoga,meditation,mantra,wellness,fitness,yoga at home,yogi,yoga every day,yoga challenge,30 days of yoga camp,affirmations,yoga for stress,yoga for anxiety"
21,Yoga With Adriene,Yoga Camp - Day 21- I Believe,"Yoga Camp - Day 21! You're legal! The mantra for today's yoga video is I Believe. A strong practice that strengthens and tones but also an opportunity to practice with your mantra and watch it unfold. Pranayama practice continues to deepen. Neck and shoulder hygiene, wrist love, hip openers, core work, hip openers, good laughs, and a taste of freedom. How has your practice grown since day 1? 

Share your experience down below and with #YOGACAMP

- - - - - -

#30daysofyoga #YogaCamp #homeyoga

  
- - - - - - - - - - 

â¤ï¸SUBSCRIBE to the YWA channel for free yoga videos every week and to support high-quality free yoga for all! â¤ï¸
https://www.youtube.com/user/yogawithadriene?sub_confirmation=1

- - - - - - - - - - 

ğŸ§˜ğŸ½â™‚ï¸ğŸ§˜â™€ï¸Become a FWFG YOGA member! ğŸ§˜ğŸ»â™‚ï¸ğŸ§˜ğŸ¿â™€ï¸
https://fwfg.com/?via=adriene
Join Find What Feels Good and access over 700 videos including yoga and meditation for all levels. Explore daily practices, workshops, in-depth learning, weekly or monthly accountability series, and an opportunity to connect with a one of a kind global community. This is your one-stop-shop for yoga, creativity, wellness, and all things FWFG. Try it FREE for 7 Days! 

- - - - - - - - - - 

ğŸ—“Get your FREE Yoga Calendar: ğŸ—“
http://yogawithadriene.com/calendar/

- - - - - - - - - - 

More at www.yogawithadriene.com
â–¶ï¸ Instagram: @adrienelouise
â–¶ï¸ Twitter: @yogawithadriene
â–¶ï¸ Facebook: Yoga With Adriene
â–¶ï¸ Shop: https://shop.fwfg.com

- - - - - - - - - - 

Music by Shakey Graves: 
https://www.shakeygraves.com

- - - - - - - - - - 

Yoga With Adriene, LLC recommends that you consult your physician regarding the applicability of any recommendations and follow all safety instructions before beginning any exercise program. When participating in any exercise or exercise program, there is the possibility of physical injury. If you engage in this exercise or exercise program, you agree that you do so at your own risk, are voluntarily participating in these activities, assume all risk of injury to yourself.",2016-01-22T12:00:01Z,30,449972,0,0,0,0,5254,0,0,800,1900-01-01 06:48:00,30.800000000000004,0,0,29,6854,"yoga,yoga camp,yogi,30 days of yoga,30 day yoga challenge,30 days of yoga camp,namaste,yoga workout,yoga for strong legs,yoga for back pain,yoga practice,yoga with adriene,meditation,pranayama,mantra,i believe,hatha yoga,core yoga,yoga fit,yoga for depression,yoga for stress relief,yoga for relaxation,yoga at home,yoga every day,yoga challenge,yoga (sport),online yoga,yoga adrienne,adriene yoga,yoga revolution"
22,Yoga With Adriene,Yoga Camp - Day 22 - I Surround Myself With...,"Yoga Camp - Day 22. Hop on your yoga mat and connect mind and body with movement and mantra. A swift practice, Day 22 invites you to welcome the heat and build strength. Connect to your power and build some heat. Strong practice today! Be mindful. Move with your breath. You got this!

Share your experience down below and all over the world with #YOGACAMP

- - - - - -

#30daysofyoga #YogaCamp #homeyoga

  
- - - - - - - - - - 

â¤ï¸SUBSCRIBE to the YWA channel for free yoga videos every week and to support high-quality free yoga for all! â¤ï¸
https://www.youtube.com/user/yogawithadriene?sub_confirmation=1

- - - - - - - - - - 

ğŸ§˜ğŸ½â™‚ï¸ğŸ§˜â™€ï¸Become a FWFG YOGA member! ğŸ§˜ğŸ»â™‚ï¸ğŸ§˜ğŸ¿â™€ï¸
https://fwfg.com/?via=adriene
Join Find What Feels Good and access over 700 videos including yoga and meditation for all levels. Explore daily practices, workshops, in-depth learning, weekly or monthly accountability series, and an opportunity to connect with a one of a kind global community. This is your one-stop-shop for yoga, creativity, wellness, and all things FWFG. Try it FREE for 7 Days! 

- - - - - - - - - - 

ğŸ—“Get your FREE Yoga Calendar: ğŸ—“
http://yogawithadriene.com/calendar/

- - - - - - - - - - 

More at www.yogawithadriene.com
â–¶ï¸ Instagram: @adrienelouise
â–¶ï¸ Twitter: @yogawithadriene
â–¶ï¸ Facebook: Yoga With Adriene
â–¶ï¸ Shop: https://shop.fwfg.com

- - - - - - - - - - 

Music by Shakey Graves: 
https://www.shakeygraves.com

- - - - - - - - - - 

Yoga With Adriene, LLC recommends that you consult your physician regarding the applicability of any recommendations and follow all safety instructions before beginning any exercise program. When participating in any exercise or exercise program, there is the possibility of physical injury. If you engage in this exercise or exercise program, you agree that you do so at your own risk, are voluntarily participating in these activities, assume all risk of injury to yourself.",2016-01-23T12:00:00Z,28,429435,0,0,0,0,5080,0,0,351,17:01:00,17.016666666666666,0,0,46,5782,"yoga,yoga camp,yoga mantra,yoga challenge,30 days of yoga,30 days of yoga camp,meditation,yoga fit,yoga work out,fitness,yoga at home,yoga for abs,yoga for strength,yoga for good posture,yoga with adriene,yogi,yoga life,yoga every day,yoga practice,yoga for flexibility,power yoga,core yoga,yoga flow,yoga for energy,yoga for glutes,yoga workout,yoga (sport),yoga for weight loss"
23,Yoga With Adriene,Yoga Camp - Day 23 - I Am Secure,"Yoga Camp - Day 23. Yoga studies today on your mat. Explore, use the breath, practice with the affirmation, and see what happens today. Make this time on your yoga mat today. Take this time for yourself. It is important. Let's hop to it. 

Share your experience down below and with #YOGACAMP

- - - - - -

#30daysofyoga #YogaCamp #homeyoga

  
- - - - - - - - - - 

â¤ï¸SUBSCRIBE to the YWA channel for free yoga videos every week and to support high-quality free yoga for all! â¤ï¸
https://www.youtube.com/user/yogawithadriene?sub_confirmation=1

- - - - - - - - - - 

ğŸ§˜ğŸ½â™‚ï¸ğŸ§˜â™€ï¸Become a FWFG YOGA member! ğŸ§˜ğŸ»â™‚ï¸ğŸ§˜ğŸ¿â™€ï¸
https://fwfg.com/?via=adriene
Join Find What Feels Good and access over 700 videos including yoga and meditation for all levels. Explore daily practices, workshops, in-depth learning, weekly or monthly accountability series, and an opportunity to connect with a one of a kind global community. This is your one-stop-shop for yoga, creativity, wellness, and all things FWFG. Try it FREE for 7 Days! 

- - - - - - - - - - 

ğŸ—“Get your FREE Yoga Calendar: ğŸ—“
http://yogawithadriene.com/calendar/

- - - - - - - - - - 

More at www.yogawithadriene.com
â–¶ï¸ Instagram: @adrienelouise
â–¶ï¸ Twitter: @yogawithadriene
â–¶ï¸ Facebook: Yoga With Adriene
â–¶ï¸ Shop: https://shop.fwfg.com

- - - - - - - - - - 

Music by Shakey Graves: 
https://www.shakeygraves.com

- - - - - - - - - - 

Yoga With Adriene, LLC recommends that you consult your physician regarding the applicability of any recommendations and follow all safety instructions before beginning any exercise program. When participating in any exercise or exercise program, there is the possibility of physical injury. If you engage in this exercise or exercise program, you agree that you do so at your own risk, are voluntarily participating in these activities, assume all risk of injury to yourself.",2016-01-24T12:00:01Z,29,472908,0,0,0,0,5011,0,0,343,1900-01-01 13:04:00,37.06666666666667,0,0,32,5697,"yoga,yoga camp,yoga with adriene,zen,yoga mantra,hatha yoga,meditation,yoga work out,fitness,yoga for back pain,yoga for strength,yoga for strong body,yoga booty,yoga for wellness,yoga flow,vinyasa,pranayama,yoga studies,affirmations,positive healing affirmations,healing in yoga,spinal health,yogi,30 days of yoga,yoga challenge,30 days of yoga camp,yoga every day,wellness,yoga practice"
24,Yoga With Adriene,Yoga Camp - Day 24 - I Am In Control,"Yoga Camp - Day 24. Hop on your yoga mat as our journey continues! Use your yoga practice to learn about yourself. Delicious yoga for the spine, yoga for a toned belly and a strong back. Synchronize with the breath, work with slow and controlled movement, and continue to grow your practice with Adriene. Today's practice is YUMMY and guides you to take responsibility for own happiness. Write your own story!! Notice how you feel today and tend to it. Enjoy! 

Share your experience down below and with #YOGACAMP

- - - - - -

#30daysofyoga #YogaCamp #homeyoga

  
- - - - - - - - - - 

â¤ï¸SUBSCRIBE to the YWA channel for free yoga videos every week and to support high-quality free yoga for all! â¤ï¸
https://www.youtube.com/user/yogawithadriene?sub_confirmation=1

- - - - - - - - - - 

ğŸ§˜ğŸ½â™‚ï¸ğŸ§˜â™€ï¸Become a FWFG YOGA member! ğŸ§˜ğŸ»â™‚ï¸ğŸ§˜ğŸ¿â™€ï¸
https://fwfg.com/?via=adriene
Join Find What Feels Good and access over 700 videos including yoga and meditation for all levels. Explore daily practices, workshops, in-depth learning, weekly or monthly accountability series, and an opportunity to connect with a one of a kind global community. This is your one-stop-shop for yoga, creativity, wellness, and all things FWFG. Try it FREE for 7 Days! 

- - - - - - - - - - 

ğŸ—“Get your FREE Yoga Calendar: ğŸ—“
http://yogawithadriene.com/calendar/

- - - - - - - - - - 

More at www.yogawithadriene.com
â–¶ï¸ Instagram: @adrienelouise
â–¶ï¸ Twitter: @yogawithadriene
â–¶ï¸ Facebook: Yoga With Adriene
â–¶ï¸ Shop: https://shop.fwfg.com

- - - - - - - - - - 

Music by Shakey Graves: 
https://www.shakeygraves.com

- - - - - - - - - - 

Yoga With Adriene, LLC recommends that you consult your physician regarding the applicability of any recommendations and follow all safety instructions before beginning any exercise program. When participating in any exercise or exercise program, there is the possibility of physical injury. If you engage in this exercise or exercise program, you agree that you do so at your own risk, are voluntarily participating in these activities, assume all risk of injury to yourself.",2016-01-25T12:00:01Z,30,464149,0,0,0,0,4944,0,0,318,1900-01-01 15:23:00,39.38333333333333,0,0,36,5580,"yoga,yoga for the spine,mantra,meditation,yoga camp,yoga challenge,30 days of yoga,affirmations,yoga practice,yoga for diet,core yoga,core power,yoga for strong body,yoga for strentgh,yoga for the hips,body awareness,yoga with adriene,vinyasa yoga,yoga flow,yin yoga,yoga for relaxation,yoga for wrists,yoga workout,30 days of yoga camp,yoga at home,yoga fit,adriene mishler,yoga with adrienne,yoga (sport),yogi"
25,Yoga With Adriene,Yoga Camp - Day 25 - I Am Strong,"Yoga Camp - Day 25! This 28 min practice is fierce and fun and strengthening! Though we continue to tone muscles this yoga sequence also asks you to be strong in your foundation and strong in your breath. You have everything you need. Let's hop on the mat!

Share your experience down below and with #YOGACAMP

- - - - - -

#30daysofyoga #YogaCamp #homeyoga

  
- - - - - - - - - - 

â¤ï¸SUBSCRIBE to the YWA channel for free yoga videos every week and to support high-quality free yoga for all! â¤ï¸
https://www.youtube.com/user/yogawithadriene?sub_confirmation=1

- - - - - - - - - - 

ğŸ§˜ğŸ½â™‚ï¸ğŸ§˜â™€ï¸Become a FWFG YOGA member! ğŸ§˜ğŸ»â™‚ï¸ğŸ§˜ğŸ¿â™€ï¸
https://fwfg.com/?via=adriene
Join Find What Feels Good and access over 700 videos including yoga and meditation for all levels. Explore daily practices, workshops, in-depth learning, weekly or monthly accountability series, and an opportunity to connect with a one of a kind global community. This is your one-stop-shop for yoga, creativity, wellness, and all things FWFG. Try it FREE for 7 Days! 

- - - - - - - - - - 

ğŸ—“Get your FREE Yoga Calendar: ğŸ—“
http://yogawithadriene.com/calendar/

- - - - - - - - - - 

More at www.yogawithadriene.com
â–¶ï¸ Instagram: @adrienelouise
â–¶ï¸ Twitter: @yogawithadriene
â–¶ï¸ Facebook: Yoga With Adriene
â–¶ï¸ Shop: https://shop.fwfg.com

- - - - - - - - - - 

Music by Shakey Graves: 
https://www.shakeygraves.com

- - - - - - - - - - 

Yoga With Adriene, LLC recommends that you consult your physician regarding the applicability of any recommendations and follow all safety instructions before beginning any exercise program. When participating in any exercise or exercise program, there is the possibility of physical injury. If you engage in this exercise or exercise program, you agree that you do so at your own risk, are voluntarily participating in these activities, assume all risk of injury to yourself.",2016-01-26T12:00:01Z,19,438756,0,0,0,0,5247,0,0,383,1900-01-01 03:53:00,27.883333333333333,0,0,32,6013,"yoga with adriene,yoga for strength,yoga for weight loss,yoga camp,yoga,hatha yoga,yoga flow,yoga workout,yoga fit,yoga for arms,yoga for core,core power,yoga for flexibility,30 days of yoga,30 days of yoga camp,fitness,yoga today,yoga alignment,yoga studies"
26,Yoga With Adriene,Yoga Camp - Day 26 - I Attract,"Yoga Camp Day 26! Step on your yoga mat to honor your body and thoughts and words for this full 40 min heart practice. Find expansion on the mat today. This yoga sequence is great for digestion and great for anyone suffering from back pain or discomfort. Practice being present with where you are at today.


Share your experience down below and with #YOGACAMP

- - - - - -

#30daysofyoga #YogaCamp #homeyoga

  
- - - - - - - - - - 

â¤ï¸SUBSCRIBE to the YWA channel for free yoga videos every week and to support high-quality free yoga for all! â¤ï¸
https://www.youtube.com/user/yogawithadriene?sub_confirmation=1

- - - - - - - - - - 

ğŸ§˜ğŸ½â™‚ï¸ğŸ§˜â™€ï¸Become a FWFG YOGA member! ğŸ§˜ğŸ»â™‚ï¸ğŸ§˜ğŸ¿â™€ï¸
https://fwfg.com/?via=adriene
Join Find What Feels Good and access over 700 videos including yoga and meditation for all levels. Explore daily practices, workshops, in-depth learning, weekly or monthly accountability series, and an opportunity to connect with a one of a kind global community. This is your one-stop-shop for yoga, creativity, wellness, and all things FWFG. Try it FREE for 7 Days! 

- - - - - - - - - - 

ğŸ—“Get your FREE Yoga Calendar: ğŸ—“
http://yogawithadriene.com/calendar/

- - - - - - - - - - 

More at www.yogawithadriene.com
â–¶ï¸ Instagram: @adrienelouise
â–¶ï¸ Twitter: @yogawithadriene
â–¶ï¸ Facebook: Yoga With Adriene
â–¶ï¸ Shop: https://shop.fwfg.com

- - - - - - - - - - 

Music by Shakey Graves: 
https://www.shakeygraves.com

- - - - - - - - - - 

Yoga With Adriene, LLC recommends that you consult your physician regarding the applicability of any recommendations and follow all safety instructions before beginning any exercise program. When participating in any exercise or exercise program, there is the possibility of physical injury. If you engage in this exercise or exercise program, you agree that you do so at your own risk, are voluntarily participating in these activities, assume all risk of injury to yourself.",2016-01-27T12:00:02Z,22,469279,0,0,0,0,5172,0,0,362,1900-01-01 16:25:00,40.416666666666664,0,0,30,5896,"yoga,yoga camp,yoga practice,yoga for back pain,mantra,yoga with adriene,yogi,yoga at home,yoga workout,yoga for strength,yoga for the heart,yoga for anxiety,foundations of yoga,yoga basics,30 days of yoga camp,30 days of yoga,fitness,postive affrimation,meditation,yoga breathing,yoga for healthy mind and body,yoga for body and soul"
27,Yoga With Adriene,Yoga Camp - Day  27 - I Am Grateful,"Yoga Camp Day 27! With just a few more days of Yoga Camp, it's time to approach the simple and challenging moments with gratitude today. Mind and body work together here as we work to both strengthen and soften. Strong foundations today along with the opportunity to cultivate heat, mindfully. Practice Yoga Camp vinyasa flow and stimulate and stretch from head to toe. Yoga's healing attributes are available if you approach with ease and gratitude. Meet your edge. Unlock with Gratitude. Trust. Enjoy!

Share your experience down below and with #YOGACAMP

- - - - - -

#30daysofyoga #YogaCamp #homeyoga

  
- - - - - - - - - - 

â¤ï¸SUBSCRIBE to the YWA channel for free yoga videos every week and to support high-quality free yoga for all! â¤ï¸
https://www.youtube.com/user/yogawithadriene?sub_confirmation=1

- - - - - - - - - - 

ğŸ§˜ğŸ½â™‚ï¸ğŸ§˜â™€ï¸Become a FWFG YOGA member! ğŸ§˜ğŸ»â™‚ï¸ğŸ§˜ğŸ¿â™€ï¸
https://fwfg.com/?via=adriene
Join Find What Feels Good and access over 700 videos including yoga and meditation for all levels. Explore daily practices, workshops, in-depth learning, weekly or monthly accountability series, and an opportunity to connect with a one of a kind global community. This is your one-stop-shop for yoga, creativity, wellness, and all things FWFG. Try it FREE for 7 Days! 

- - - - - - - - - - 

ğŸ—“Get your FREE Yoga Calendar: ğŸ—“
http://yogawithadriene.com/calendar/

- - - - - - - - - - 

More at www.yogawithadriene.com
â–¶ï¸ Instagram: @adrienelouise
â–¶ï¸ Twitter: @yogawithadriene
â–¶ï¸ Facebook: Yoga With Adriene
â–¶ï¸ Shop: https://shop.fwfg.com

- - - - - - - - - - 

Music by Shakey Graves: 
https://www.shakeygraves.com

- - - - - - - - - - 

Yoga With Adriene, LLC recommends that you consult your physician regarding the applicability of any recommendations and follow all safety instructions before beginning any exercise program. When participating in any exercise or exercise program, there is the possibility of physical injury. If you engage in this exercise or exercise program, you agree that you do so at your own risk, are voluntarily participating in these activities, assume all risk of injury to yourself.",2016-01-28T12:00:00Z,21,443508,0,0,0,0,5181,0,0,591,1900-01-01 13:36:00,37.6,0,0,35,6363,"yoga,yoga camp,30 days of yoga camp,yoga with adriene,yoga for weightloss,yoga for strength,yoga practice,yoga at home,free yoga,30 days of yoga,30 day yoga challenge,yoga fit,yoga booty,wellness,health,fitness,yoga workout,yoga mantra,hatha yoga,yoga flow,healing in yoga"
28,Yoga With Adriene,Yoga Camp - Day 28 - I Celebrate,"Yoga Camp Day 28! Party on the mat! Show up! We are celebrating our practice. With a focus on the breath, we continue to work on awareness through that energetic line from the crown to tail. Stretch and strengthen the full body as we continue to grow our Yoga Camp vocabulary. Welcome that ocean breath. Find ease, make it your own, and let's celebrate. Celebrate your body, your breath and so much more. Let's get started!

Share your experience down below and with #YOGACAMP

- - - - - -

#30daysofyoga #YogaCamp #homeyoga

  
- - - - - - - - - - 

â¤ï¸SUBSCRIBE to the YWA channel for free yoga videos every week and to support high-quality free yoga for all! â¤ï¸
https://www.youtube.com/user/yogawithadriene?sub_confirmation=1

- - - - - - - - - - 

ğŸ§˜ğŸ½â™‚ï¸ğŸ§˜â™€ï¸Become a FWFG YOGA member! ğŸ§˜ğŸ»â™‚ï¸ğŸ§˜ğŸ¿â™€ï¸
https://fwfg.com/?via=adriene
Join Find What Feels Good and access over 700 videos including yoga and meditation for all levels. Explore daily practices, workshops, in-depth learning, weekly or monthly accountability series, and an opportunity to connect with a one of a kind global community. This is your one-stop-shop for yoga, creativity, wellness, and all things FWFG. Try it FREE for 7 Days! 

- - - - - - - - - - 

ğŸ—“Get your FREE Yoga Calendar: ğŸ—“
http://yogawithadriene.com/calendar/

- - - - - - - - - - 

More at www.yogawithadriene.com
â–¶ï¸ Instagram: @adrienelouise
â–¶ï¸ Twitter: @yogawithadriene
â–¶ï¸ Facebook: Yoga With Adriene
â–¶ï¸ Shop: https://shop.fwfg.com

- - - - - - - - - - 

Music by Shakey Graves: 
https://www.shakeygraves.com

- - - - - - - - - - 

Yoga With Adriene, LLC recommends that you consult your physician regarding the applicability of any recommendations and follow all safety instructions before beginning any exercise program. When participating in any exercise or exercise program, there is the possibility of physical injury. If you engage in this exercise or exercise program, you agree that you do so at your own risk, are voluntarily participating in these activities, assume all risk of injury to yourself.",2016-01-30T03:51:13Z,3,405206,0,0,0,0,4408,0,0,264,1900-01-01 09:24:00,33.4,0,0,32,4936,"yoga,yoga camp,adriene mishler"
29,Yoga With Adriene,Yoga Camp - Day 29 - I Love,"Yoga Camp Day 29! This is what Yoga Camp is all about! With Yoga Camp, we ask - what is the point of a rigorous workout if you still are waking up in the morning and looking in the mirror and not loving what you see? What is the point of 50 chaturangas if you look in the mirror and don't know who it is you see? Who cares if you have a rocking body if your mental wellness is a hot mess! Can we live a rich and beautiful life if we don't love ourselves?

I am so incredibly inspired by your willingness to ask the big questions, do the work and tend to not just your physical fitness but your mental health as well. I believe this is a way to true self-compassion. Enjoy your practice. 

Share your experience down below and with #YOGACAMP

- - - - - -

#30daysofyoga #YogaCamp #homeyoga

  
- - - - - - - - - - 

â¤ï¸SUBSCRIBE to the YWA channel for free yoga videos every week and to support high-quality free yoga for all! â¤ï¸
https://www.youtube.com/user/yogawithadriene?sub_confirmation=1

- - - - - - - - - - 

ğŸ§˜ğŸ½â™‚ï¸ğŸ§˜â™€ï¸Become a FWFG YOGA member! ğŸ§˜ğŸ»â™‚ï¸ğŸ§˜ğŸ¿â™€ï¸
https://fwfg.com/?via=adriene
Join Find What Feels Good and access over 700 videos including yoga and meditation for all levels. Explore daily practices, workshops, in-depth learning, weekly or monthly accountability series, and an opportunity to connect with a one of a kind global community. This is your one-stop-shop for yoga, creativity, wellness, and all things FWFG. Try it FREE for 7 Days! 

- - - - - - - - - - 

ğŸ—“Get your FREE Yoga Calendar: ğŸ—“
http://yogawithadriene.com/calendar/

- - - - - - - - - - 

More at www.yogawithadriene.com
â–¶ï¸ Instagram: @adrienelouise
â–¶ï¸ Twitter: @yogawithadriene
â–¶ï¸ Facebook: Yoga With Adriene
â–¶ï¸ Shop: https://shop.fwfg.com

- - - - - - - - - - 

Music by Shakey Graves: 
https://www.shakeygraves.com

- - - - - - - - - - 

Yoga With Adriene, LLC recommends that you consult your physician regarding the applicability of any recommendations and follow all safety instructions before beginning any exercise program. When participating in any exercise or exercise program, there is the possibility of physical injury. If you engage in this exercise or exercise program, you agree that you do so at your own risk, are voluntarily participating in these activities, assume all risk of injury to yourself.",2016-01-30T12:00:00Z,23,412616,0,0,0,0,4889,0,0,380,1900-01-01 03:26:00,27.43333333333333,0,0,27,5649,"yoga camp,30 days of yoga camp,yoga with adriene,yoga fit,yoga mantra,affirmations,yoga breathing,fitness,wellness,yoga for your heart,self compassion,self love,hatha yoga,downward dog,yoga for flexibility,yoga for strength,yoga for health,healthy living,yoga for depression,yoga for anxiety,core power yoga,vinyasa yoga,love"
30,Yoga With Adriene,Yoga Camp - Day 30 - It's All You,"Yoga Camp, Day 30! You are coming up with the mantra today! You are guiding this practice. This journey has been so rewarding. Thank you for your willingness to explore and your commitment to self-study through YOGA. Thank you for sharing your time, your breath, your stories, your humor, and your humanity with myself and this community. 

Day 30! This yoga practice is special. I'm taking off the mic and handing it over to you. Practice what we have been practicing for 29 Days - listening. Use me as a guide as I will be doing vocabulary that we have learned in Yoga Camp. Jam to the music of the video, or mute it and play your own tunes. Move mindfully, don't push. Create a mantra for yourself today that resonates. Celebrate. Be present. Accept. Enjoy. Surrender. Love. Share your mantra and experience below. 

This practice is yours to Find What Feels Good. 

From my heart to yours, Namaste. 

Share your experience down below and with #YOGACAMP

- - - - - -

#30daysofyoga #YogaCamp #homeyoga

  
- - - - - - - - - - 

â¤ï¸SUBSCRIBE to the YWA channel for free yoga videos every week and to support high-quality free yoga for all! â¤ï¸
https://www.youtube.com/user/yogawithadriene?sub_confirmation=1

- - - - - - - - - - 

ğŸ§˜ğŸ½â™‚ï¸ğŸ§˜â™€ï¸Become a FWFG YOGA member! ğŸ§˜ğŸ»â™‚ï¸ğŸ§˜ğŸ¿â™€ï¸
https://fwfg.com/?via=adriene
Join Find What Feels Good and access over 700 videos including yoga and meditation for all levels. Explore daily practices, workshops, in-depth learning, weekly or monthly accountability series, and an opportunity to connect with a one of a kind global community. This is your one-stop-shop for yoga, creativity, wellness, and all things FWFG. Try it FREE for 7 Days! 

- - - - - - - - - - 

ğŸ—“Get your FREE Yoga Calendar: ğŸ—“
http://yogawithadriene.com/calendar/

- - - - - - - - - - 

More at www.yogawithadriene.com
â–¶ï¸ Instagram: @adrienelouise
â–¶ï¸ Twitter: @yogawithadriene
â–¶ï¸ Facebook: Yoga With Adriene
â–¶ï¸ Shop: https://shop.fwfg.com

- - - - - - - - - - 

Music by Shakey Graves: 
https://www.shakeygraves.com

- - - - - - - - - - 

Yoga With Adriene, LLC recommends that you consult your physician regarding the applicability of any recommendations and follow all safety instructions before beginning any exercise program. When participating in any exercise or exercise program, there is the possibility of physical injury. If you engage in this exercise or exercise program, you agree that you do so at your own risk, are voluntarily participating in these activities, assume all risk of injury to yourself.",2016-01-31T12:00:01Z,27,360648,0,0,0,0,5704,0,0,1762,1900-01-01 15:33:00,39.55,0,0,33,9228,"yoga,yoga camp,yoga workout,yoga body,yoga mind,mantra,affirmation,yoga practice,yoga with adriene,30 Days of Yoga,30 days of yoga camp,hatha yoga,yoga flow,adriene mishler,yoga for happiness,yoga at home,fitness,mental health,physical health,physical fitness,mental wellness,yoga for self love,yoga for anxiety,yoga for depression,wellness,holistic health,spirtuality"
