,comment,comment_id,reply_count,like_count,updated_at,calificacion
0.0,"I've always been a person who goes with the flow. I accept what happens to me and I carry on. So I go with the flow. And I sometimes let the currents drag me. Ihave moments when I don't want to go with the flow, I want to take resposibilities and decide for myself. So my intentions for today are: I go with the flow when I enjoy it and I am careful to not let the currents drag me away from what I want to do.",Ugwtm9rLhOim12QM3dJ4AaABAg,0.0,0.0,2022-02-15T20:04:50Z,0.9915306568145752
1.0,I personally like this 14 day video better than the newer one,UgyUsn7dRXM03oTJhaV4AaABAg,0.0,0.0,2022-01-29T18:41:33Z,0.9984442591667175
2.0,Yoga and the setting sun! Funny how the gentlest things make us the strongest. Very grateful to be able to enjoy your practice here all the way in India! You're awesome :),UgxX6pWfIWo-0YYaFUd4AaABAg,0.0,0.0,2022-01-12T12:45:53Z,0.9998798370361328
3.0,I go with the flow ğŸ’®â¤ï¸,UgzGQzITk7gL73dw12d4AaABAg,0.0,0.0,2021-12-27T01:28:59Z,0.9972096085548401
4.0,"If you don't know what to follow, you are in a crossroads,
when you don't know what the flow is in the exact moment...what do you do?",UgwSEa_9ZIsZdzmzx0B4AaABAg,0.0,0.0,2021-12-13T07:04:28Z,-0.9845825433731079
5.0,"Oh my Lord, Adrienne - thank God you learned to slow down since you filmed Yoga Camp!",UgxjZ5D4KL2jFBCyALV4AaABAg,0.0,0.0,2021-11-16T04:03:33Z,-0.8855612277984619
6.0,"Day 14, I go with the flow. Namaste ğŸ™ğŸ½ Adrienne ğŸ˜Š",Ugx-h7OKRqyNGH-lsm54AaABAg,0.0,0.0,2021-11-12T10:13:15Z,0.9960193037986755
7.0,I CANNOT understand why anyone would complain about you and/or your FREE sessions. You are amazingâ€¦â€¦.THANK YOU ğŸ™ğŸ™ğŸ™,UgyPn7v8Q4pv9Ds_4QZ4AaABAg,0.0,0.0,2021-11-08T18:34:28Z,0.9998631477355957
8.0,"Thank you Adriene! This mantra resonated heavily for me today. Doing this 5 years late, but better late than never! :)",UgwtHgv9zRaH2Ij-0nx4AaABAg,0.0,0.0,2021-11-02T15:00:58Z,0.9994248151779175
9.0,"OK so I recently hurt my leg with a sprain.I modified,but I still pushed through.I feel good",UgxaJIEd6jWXIMhLpc54AaABAg,0.0,0.0,2021-10-30T11:11:45Z,0.9990863800048828
10.0,"this is like some years late and after 30 days n starting yoga camp its my first comment, just to say, i feel so thankful the practices are easy and relaxing, i donâ€™t stress myself thinking â€˜oh its yoga timeâ€™, i just do it bc ik iâ€™ll be able to relax and enjoy this one part of my day, which feel so stressful rn. tysm",UgzJ6jnu6NWxD-dD-NV4AaABAg,0.0,0.0,2021-10-20T03:51:16Z,0.9971444010734558
11.0,Day 552 in books â¤ï¸ğŸ˜€ğŸ˜,UgzbG8Vz3wj3d8fZzQV4AaABAg,0.0,1.0,2021-09-27T02:28:04Z,-0.8591626286506653
12.0,ğŸ™â¤ï¸,UgwUfnvwNUH_hdyVPZN4AaABAg,0.0,0.0,2021-09-26T02:43:41Z,-0.6970567107200623
13.0,224 days of daily Yoga. It's been an amazing journey. I love the affirmations/mantras we've been working with. Thank you so much <3,UgxMbNVvEEIaMWozeOZ4AaABAg,0.0,1.0,2021-09-16T16:18:53Z,0.9998537302017212
14.0,nice comfortable seat,UgxtO5gRw0rp4Zu5xCN4AaABAg,0.0,0.0,2021-09-14T18:45:21Z,0.9998672008514404
15.0,"Oh wow! Iâ€™ve been missing yoga for about 1-2 weeks now because of vacations, and house work (painting!) and Iâ€™ve been craving me some yoga. Finally rolled out my mat tonight despite it being very late and Iâ€™m so glad I did. 

Thank you Adriene! 

â¤ï¸â¤ï¸â¤ï¸â¤ï¸â¤ï¸â¤ï¸â¤ï¸â¤ï¸â¤ï¸â¤ï¸â¤ï¸â¤ï¸â¤ï¸â¤ï¸",Ugy54DOH_Xzfm26z47J4AaABAg,0.0,0.0,2021-09-01T04:06:13Z,0.9975854158401489
16.0,My heels touched the floor in downward dog today wohoo!,Ugzkk71s7Ef8QG_5TJZ4AaABAg,0.0,1.0,2021-08-14T10:45:19Z,-0.9857524037361145
17.0,thank you!!!!!,UgwcvehKUMO7DI6pDVt4AaABAg,0.0,0.0,2021-07-21T22:52:36Z,0.9998663663864136
18.0,"Day 14â€¦as Adriene repeats â€œGo with the flowâ€ and we move into the first down dog, my cat waltzes over and plops himself down next to my mat. First time ever, though I do yoga with Adrien often. He reaches out with his paws and grabs my right hand. Downward facing dog meets horizontal facing cat. I couldnâ€™t stop giggling. Definitely going with the flow today!",UgygszZ9mPH6hhoKXup4AaABAg,0.0,1.0,2021-07-13T13:47:40Z,0.9987350106239319
19.0,"Iâ€™ve read countless comments here talking about how timely some of these practices have been on many peopleâ€™s journeys and now I want to share one of my own: Iâ€™m teaching music online and yesterday due to some miscommunication and poor administration, I had a meticuously planned lesson go awry and got really mad at my parents, who share the internet and some equipment with me. It was the first time I felt such frustration in a while and although it wasnâ€™t entirely their fault, I couldnâ€™t help feeling upset at my loss of control and disorganized start to my class. Adriene reminded me today that things will go unexpected from time to time, and we have a choice we can make to go with the flow or not â¤ï¸",Ugyz0dUmuSRIICkeQRR4AaABAg,0.0,0.0,2021-06-29T18:52:30Z,0.9364151358604431
20.0,"A  challenging workout to build strength, flexibility and stamina. 
Kept my mind agile and my body in good strength too. ğŸ™",Ugyr5Ru_heqDNeId3nZ4AaABAg,0.0,0.0,2021-06-27T00:00:17Z,0.9998321533203125
21.0,IshallğŸ’‹,UgzqJIIAGrB6bwmmJCd4AaABAg,0.0,0.0,2021-06-04T01:37:52Z,-0.6970567107200623
22.0,You have made me crave yoga everyday!! I did â€œbreathâ€ first and loved after the first couple of weeks when I could feel improvement. Right now I am dealing with having moved my bedridden mother into my house and my daily yoga practice with you has so helped in saving my sanity. This practice today has been my absolute favorite to-date!! I am feeling it everywhere!! I have been following you for about 100 days and it is so exciting that after that amount of time I can still do a practice and â€œfeel itâ€ afterwards!!! Thank you so much!! You are my hero right now!!!,UgxFuQcC_04Z1e-arNp4AaABAg,0.0,0.0,2021-05-29T01:00:32Z,0.9997679591178894
23.0,"After completing a few 30-day series with you, I just wanted to let you know how grateful I am. Your guidance, energy, funny spirit, kindness and love inspire me, and have helped me find new levels of energy and self awareness. Thank you, thank you for opening this yoga door.",UgwaxlHsFwyOV9V9XJJ4AaABAg,0.0,0.0,2021-05-27T16:43:29Z,0.9998403787612915
24.0,"45 days of yoga with Adriene! I went with the flow, Namaste :)",UgzzK3qPRBp7KCgKnNt4AaABAg,0.0,0.0,2021-05-10T08:27:27Z,0.994083821773529
25.0,Watching you  is like meditation â¤ï¸,Ugxu4qGyvo6zwyyjTxF4AaABAg,0.0,0.0,2021-04-30T07:09:55Z,0.9933284521102905
26.0,Thanks ğŸ™‡ ğŸ™‡ ğŸŒŸ,UgyPvzpSnhp1A_3E74N4AaABAg,0.0,0.0,2021-03-23T23:04:18Z,0.9989891648292542
27.0,"found it hard to get on the mat today, it's so late and I was so tempted to go to bed - but I stuck with it and went with the flow!",UgxrWPYjYxEFiwZfMFd4AaABAg,0.0,2.0,2021-02-14T23:40:36Z,0.9782504439353943
28.0,Loved today's mantra!,Ugxjs0G2tTAl4Wv0gcp4AaABAg,0.0,0.0,2021-02-14T17:56:06Z,0.9997665286064148
29.0,Awesome 30 minutes :)) Thank you Adriene!,UgxS_bMjsaqIudm_xoN4AaABAg,0.0,0.0,2021-02-11T10:03:31Z,0.9998539686203003
30.0,ily adriene <3,UgxpNnm0EJA3MezAw0B4AaABAg,0.0,0.0,2021-01-29T17:47:43Z,0.9920978546142578
31.0,I go with the flow ğŸ,UgxL-S2u-8jhn-mXlKZ4AaABAg,0.0,0.0,2021-01-21T07:31:45Z,0.9972096085548401
32.0,I loved this one!,Ugx5qi9LnUdMgKbFUdt4AaABAg,0.0,0.0,2021-01-15T00:50:23Z,0.9998784065246582
33.0,"I went to bed late yesterday and feel preatty tired today. I wanted to skip yoga or delay my practice, but I committed for just 30 day to do yoga every single day and  I know that one day exception cal lead to many exceptions, so I rolled my mat and went with the flow. I'm so glad I did it, one of my favourites so far. I felt strong and I loved that there were so many deep stratches. Really nice video, I'm refreshed",UgwqW2pCwyAkZrMJitx4AaABAg,0.0,1.0,2021-01-14T13:20:43Z,0.9997181296348572
34.0,Thank you :-)),UgzxnUtnDIqCRlGHRlh4AaABAg,0.0,0.0,2020-12-29T10:24:13Z,0.9997836947441101
35.0,Please stay safe!,Ugx4DDAfnKP6QRt3qxR4AaABAg,0.0,0.0,2020-12-26T18:44:47Z,0.9969207048416138
36.0,"Ok Adrienne, itâ€™s Dec. 26, 2020 and Iâ€™m still practicing yoga with you. Actually in February it will be 2 years. So, Iâ€™ve quit commenting so much, because I kept repeating myself about my love and respect for you.  However, I need you to know that Iâ€™ve signed up for Breath and Iâ€™m so excited about it.  Thatâ€™s why Iâ€™m doing yoga camp again,  getting me ready to go.  I hope millions of people all over this planet spent some Pandemic time with you, because yoga is the best stress reliever there is!  Keep up your wonderful work! I still â¤ï¸ you and feel so blessed that I can do this in my home and free!  You are a humanitarian whose efforts will be rewarded in so many ways!ğŸ™",UgwcerMIIrS5mt76q3N4AaABAg,0.0,1.0,2020-12-26T18:43:24Z,0.9997645020484924
37.0,I did a sing songy... I go with the flow! ğŸ¼ğŸµ and chose legs up in the air at the end! Go with the flow âœ¨,UgyP_FIiMX4B7y63t6N4AaABAg,0.0,0.0,2020-12-19T12:16:49Z,0.9952192902565002
38.0,"I go with the flow, and I realized this is the reason that I love Yoga with Adrienne. I always feel free to go with the flow every time. Thank you",UgwXAdySXL6EswrNJWF4AaABAg,0.0,0.0,2020-12-18T02:10:46Z,0.9998093247413635
39.0,"Thank you so much for your videos, especially those 30 days challenges! I love them so much. It makes me do yoga everyday and uplift my energies. Those mantras are also a great additionğŸ˜Š I guess you are one ot the people who had the of the greatest impact on my life for a past few years.ğŸ•‰ï¸ Every place i go, you follow meğŸ˜„ğŸ˜ Just wanted to tell you that and thank you from all my ğŸ’–. Hope you read this comment. NamastaeğŸ™ğŸ’š",UgzrPDfK4MnGwLhaiR94AaABAg,0.0,0.0,2020-11-30T20:59:42Z,0.9998257756233215
40.0,"Go with the flow is always my mantra, but this was the least relaxed and stressed I've felt doing yoga because my child started to have a full blown tantrum ğŸ¤¦ğŸ¼â€â™€ï¸",UgwYAgsdfuVmybr4Ae14AaABAg,0.0,0.0,2020-11-19T11:19:48Z,-0.9860186576843262
41.0,Wow today was very fast paced I am so tired but it was worth it!! ğŸ˜,UgyBVogdlq2YvRZXJ_R4AaABAg,0.0,0.0,2020-11-09T10:31:09Z,0.9997425675392151
42.0,Really loved this one!!!! <3333 Vinyasa flows are amazing!!!,UgwsmvAhGqpvC-a-SJ14AaABAg,0.0,0.0,2020-11-01T16:53:46Z,0.999873161315918
43.0,I really needed this today ğŸ§˜â€â™€ï¸ğŸ™ thank you Adriene ğŸ’› namaste x,UgzA2y930i2aMFXYT514AaABAg,0.0,0.0,2020-10-18T12:16:43Z,0.9891254901885986
44.0,"A good reminder to me personally, as I've come to know that I do like to be in control, which means I balk over going with the flow sometimes. I love the mantra and hope to follow it more. Yoga has given me the opportunity to examine my personality and correct some things and love othersğŸ™ğŸ»",Ugy6DVl5r0cHJZBblop4AaABAg,0.0,0.0,2020-10-15T15:37:35Z,0.999638557434082
45.0,Doing this during pandemic... Iâ€™m getting a lot of practice with going with the flow! So many changes!,UgyVOzhkvASW9QKsFeJ4AaABAg,0.0,0.0,2020-10-14T19:44:08Z,0.9870886206626892
46.0,"I'm back on the mat after taking more than a month off due to stress and depression. I'm writing this before starting the exercise, because I know that like Adrienne says, getting to the mat is the hardest part. I wish for myself and for all of you the power to believe that you can always bounce back, and that hope is always there.",UgzvuAL53bK3oyOI9id4AaABAg,0.0,1.0,2020-10-07T06:30:34Z,0.986057460308075
47.0,"I could really feel the energy flowing through me today, though some of the triangular poses are still a little bit of a struggle. I feel light as a feather.",Ugws7lzPIFCecouSb7J4AaABAg,0.0,1.0,2020-10-01T17:08:20Z,0.9990618824958801
48.0,"Thanks for the reminder on going with the flow, better than resisting ğŸ™ğŸ¼",UgxFTEMZJ85ZLakNTDV4AaABAg,0.0,0.0,2020-09-24T03:45:46Z,0.9996494054794312
49.0,"If anyone reading this is dipping in and out of yoga, as I did for years, let me tell you: Yoga only begins to impart its true gifts when you commit to a daily practice. Thank you, Adriene, for making it a joy to stay on the path. â¤ï¸

I've been doing daily Yoga with Adriene for 1.5 months (thanks to the pandemic shutting down all our swimming pools in high summer). On this day (halfway through my second 30-day journey), for the first time, downward dog became a resting pose that I didn't want to come out of. Then, also for the first time, I effortlessly grabbed both feet in seated forward fold.

I'm not naturally flexible and I've never been ""good"" at yoga. Just 1.5 months in, my body and mind feel completely different: I'm lighter on the mat and more supple in life; I eat smaller meals; I've even noticed myself taking certain inconveniences in my stride, whereas previously I was type A. Most of all, I crave my daily YwA ğŸ˜Š ğŸ§˜ ğŸ’•",UgzmGVvfNrle0cuG9kl4AaABAg,1.0,1.0,2020-09-08T12:01:40Z,0.992263913154602
50.0,I was away from the mat for 4 days and this felt awesome,UgxRu0BxXdyp_kliFQp4AaABAg,0.0,0.0,2020-09-07T01:30:54Z,0.9997349381446838
51.0,"Well, this was exactly what I needed, once again.  My boyfriend and I got into yet another huge fight and left me crying my eyes out on a bench.  I am totally exhausted, but had promised myself to show up on the mat...glad I did, definitely needed it...we are both so stubborn.  I need to go with the flow, would keep me from so much resistance and fighting.  Him and I are equally stubborn.  Well, glad I did it and feel better too and not so angry.  Namaste.",UgzLtc060sdWGMENC354AaABAg,0.0,0.0,2020-09-02T03:45:55Z,0.9713730812072754
52.0,Loved the energy of this flow!! Thanks for the helpful reminder to release resistance and control âœ¨ the Universe always knows better!,UgyEqDjPtvPY4ZFoZiZ4AaABAg,0.0,0.0,2020-08-18T09:17:34Z,0.9998419284820557
53.0,"Today felt so good! I was struggling to get on the mat and I'm not a huge fan of Vinyasa but I took the mantra to heart and went with the flow. I'm so happy right now. I even started to sing ğŸ¶""I'm going with the flow, I'm going with the flow"" - I just couldn't help myself.  Thank you Adriene!!! ğŸ’›ğŸ’›ğŸ’›",UgyTYH3LTV4qwtV91Tl4AaABAg,0.0,1.0,2020-08-14T23:37:17Z,0.9998445510864258
54.0,I absolutely thank you Adriene! Your daily mantras help me stay focused and present.  The flow was awesome!,UgwONh5MvQT8JHK9WOF4AaABAg,0.0,0.0,2020-08-05T15:58:13Z,0.9998791217803955
55.0,Another perfect day!,UgwQYFBqLGgIJmtHbG14AaABAg,0.0,0.0,2020-08-05T12:53:09Z,0.9998732805252075
56.0,Today's practice was really hard. Spent 50% of this practice in Childs Pose :/,UgzfIGm540S3JPVs9Hh4AaABAg,0.0,0.0,2020-07-21T09:13:44Z,-0.9989169836044312
57.0,"I came to the mat today and just found myself wailing. Our dog walked home for the last time (passed away) last week...and I just...was awake since 1:30am this morning...I didnâ€™t realise what it was but I think I just needed to let go of some more layers of grief. What a practise to do this with...let it flow.
Thanks for this space.",UgxtMXYe1QzP4539lPx4AaABAg,0.0,0.0,2020-07-15T01:53:15Z,0.6690311431884766
58.0,"I'm kind of heartbroken at what you posted on Instagram yesterday about your followers leaving you just because you posted your thoughts freely. And when you wrote that after 9 years of free yoga this is what you get, it broke me a little. 9 years of free yoga. Says a lot. 9 years of changing our lives. Changing my life with yoga. You're such an incredible woman. I wish I could follow you a 1000 times!",Ugw_tV-e9mV5rtuAqhJ4AaABAg,0.0,0.0,2020-06-25T11:46:37Z,0.8185414671897888
59.0,Thank you â˜ºï¸ğŸ’•ğŸ˜˜â¤ï¸â£ï¸ğŸ’•ğŸ’•ğŸ’•â¤ï¸,UgzdxmaoUcHIP8tIF2B4AaABAg,0.0,1.0,2020-06-14T03:26:30Z,0.9998127818107605
60.0,Going with the Flowing... worked for me today :),UgxMRdIZu2-mu-favnl4AaABAg,0.0,1.0,2020-06-05T17:53:54Z,0.9975263476371765
61.0,"This week has been a definite â€œgo with the flowâ€ kind of week! Due to life happening I wasnâ€™t able to get in my yoga for the last two days, but it felt great to be back at it tonight. Thank you for a great session!",UgwkaCSS-rNAYLcEKgl4AaABAg,0.0,1.0,2020-05-28T03:55:22Z,0.9996345043182373
62.0,"Has anyone else felt frustrated with some of the postures? I cried during this video, not sure why? Feel so weak and pathetic, I still canâ€™t do a lot of the postures. Feel like quitting ğŸ˜”",UgwtEVpOjaNf1enhj854AaABAg,1.0,2.0,2020-05-24T09:33:21Z,-0.999661922454834
63.0,I flow with the go. ğŸ˜Š,Ugx8rXnPZbvWsLNxYzd4AaABAg,0.0,1.0,2020-05-14T18:31:22Z,0.9992865920066833
64.0,Thank you!,UgyBXYTQVPnnEtSc7S14AaABAg,0.0,1.0,2020-05-13T14:45:45Z,0.9998581409454346
65.0,Well and truly needed this session today. I find the days you don't want to get on the mat are the days you need the mat most.,UgzVpJLY3pJL7sAL-2h4AaABAg,0.0,1.0,2020-05-12T19:05:12Z,0.9744364023208618
66.0,This is my 44th day in a row of yoga with Adrienne and suddenly I am flexible!,UgxFVZZHyT0wnY3sTh14AaABAg,0.0,1.0,2020-05-08T01:24:27Z,0.9997498393058777
67.0,"WONDERFUL! Thank you, Adriene <3",UgxZ0evA0nFabTP2xPV4AaABAg,0.0,1.0,2020-05-07T06:31:47Z,0.9998750686645508
68.0,"Iâ€™ve been feeling sick all day long but found some energy to come to my mat and honestly by the end of the video I felt so much better, like a little breeze was passing through me cleansing my inner body. 
Thank you Adriene!!",Ugw1SUfosupwcTihqsZ4AaABAg,0.0,1.0,2020-05-02T16:16:09Z,0.9975770115852356
69.0,Felt so zenned out after this one. :),UgyCg0Gfg65sDjiyrit4AaABAg,0.0,1.0,2020-04-10T16:02:46Z,-0.9933046698570251
70.0,Hmmm just what I needed. My hip flexors are sore so been trying to work them out. Leaned into some softness on the hands for that last DWFD. Thanks Adriene. X,Ugw6qROX-clprFyaX-V4AaABAg,0.0,1.0,2020-03-31T10:52:25Z,0.9889070987701416
71.0,Feeling better and better when move alone with the yoga journey ğŸ¥°,Ugx_m_NFDERsbP0jaRN4AaABAg,0.0,5.0,2020-03-23T14:03:13Z,0.9964237809181213
72.0,I think this is one of my personal best mantras.... I cherish the flow of life which has taken me along time to learn. After years of resistance thank you for reminding me that itâ€™s easier to flow than resist because it is. I love also that recently just finishing some of the newer 30 day programmes how big your plants have grown from this one to four years later they a huge! Thank you ğŸ™,UgwpzDFK_tk_h2kMpEJ4AaABAg,0.0,3.0,2020-03-07T08:19:31Z,0.9997308850288391
73.0,Thank you! Perfect for a Tuesday and any day! I loved all the vinyasa movement.,UgyMGPj3k9uyd_anQ4J4AaABAg,0.0,2.0,2020-02-18T13:13:17Z,0.9998794794082642
74.0,We had matching outfits today :),UgyTUKkeahercPWeamF4AaABAg,0.0,1.0,2020-02-08T15:17:37Z,0.9877443909645081
75.0,You are the reason why I love yoga. Thank you so much for everything you do. I have so much love for you in my heart.,UgwT5jXMcftvmZKb9_Z4AaABAg,0.0,2.0,2020-02-05T20:44:09Z,0.999854564666748
76.0,"Another great stretch into the unknown corners of my body ;+) i wish I'd put my phone at the front of my Matt this time instead of side on cos i kept looking side ways, thinking it was the best place. Good stretches though ! :+) Not sure why someone thought it was too easy, it's meant to be a wide spectrum of ability for the open to all levels, you can't scare off the newbies and returners . There is a great shortage of yoga videos for returners, who are best going back to beginner but sometimes it would be nice to just get the instructions and with a mind to return rather than begin for first time. But this is perfect for that anyway!! Xx",Ugy32PNRvanF4ZF5Ne94AaABAg,0.0,1.0,2020-02-03T09:12:08Z,0.7582198977470398
77.0,"ğŸ‘‹ Today's practice reminded me a lot of Bruce Lee and his teachings of ""being like water."" Especially when you mentioned how flow can be achieved after doing something for a long time. I believe Bruce Lee called this achieving a state of ""unnatural naturalness"" or ""natural unnaturalness."" Many of the asanas or vinyasa flows taught to us seem almost effortless--unless someone tries it! Then the effort of countless hours of practice and the true humility of the teacher becomes apparent (Namaste ğŸ™). The affirmation in the beginning changed for me; first I tried saying I choose to go with the flow...but it didn't feel right. So then I tried ""I am the flow."" And that felt powerful. A series of ""bad habits"" can be just as powerful of a flow as a series of good ones. I'd like to end with a quote from Rumi: ""I am not a drop in the ocean, but I am the entire ocean in a drop."" For us, the universe flows into us through our five senses; and the words, thoughts and actions that flow out of us is the universe that we've created for ourselves. Our entire world is our perspective, so to be in flow with the universe means to unlearn everything and grow anew each day through practice. Tonight is 12/12, so I hope the new Sagittarius moon gives that big moon energy to us to break free to new things! ğŸŒ",UgxCx1iPQRk1DKfaSxR4AaABAg,0.0,14.0,2019-12-13T00:57:43Z,0.9961919784545898
78.0,Day14 Checked,Ugzrpp9NMddc82aECMd4AaABAg,0.0,0.0,2019-11-18T15:05:09Z,0.708332359790802
79.0,Thanks rockstarğŸ¤© ğŸ§˜ğŸ»â€â™‚ï¸,Ugw7LMz_o1FPS11to-54AaABAg,0.0,1.0,2019-11-16T04:45:22Z,0.9994258880615234
80.0,Such a great way to start a busy busy day!,UgwrhCLdyHGLdTsz3MV4AaABAg,0.0,1.0,2019-11-14T14:25:11Z,0.9995552897453308
81.0,Just keep smiling smiling smiling cuz you're so beautiful just makes my day all the people that does yoga with adriene and my buddy Benji love always a man knocking on heaven's door again With A Smile Like Yours,UgwCFUO7tl9bbjt4HId4AaABAg,0.0,1.0,2019-11-11T07:19:19Z,0.999861478805542
82.0,"Iâ€™d love to... Go with the Flow
Hence I choose to... Go with the Flow
Btw, â€œpanta rheiâ€, ainâ€™t it so? ğŸ˜‰
Namaste ğŸ™",Ugx5DJAK7EkOtBXOHVR4AaABAg,0.0,1.0,2019-11-06T21:24:09Z,-0.8442633152008057
83.0,"Day 14! Adriene 22:42: ""Now, last chance for a vinyasa!"" Me: NOOO, child's pose!!! Today, I got myself to the mat and struggled for a good part of the video with a lack of motivation. I went with the flow and by the last five minutes, felt happy I did. Thank you Adriene, even if my left lower back preferred to be off the mat! That rabbit pose helped, by the way. â¤",UgyjNvEEW6MOSu4bqIV4AaABAg,0.0,0.0,2019-11-01T04:41:36Z,-0.920748770236969
84.0,Thank you â¤,UgybyGRhAuqjdyNaXqd4AaABAg,0.0,1.0,2019-10-14T15:27:21Z,0.9998127818107605
85.0,One of my very favourite mantras!,UgwrsdXuzBYdhb2m5Uh4AaABAg,0.0,1.0,2019-09-15T09:05:53Z,0.9969605803489685
86.0,I can't believe I've already completed the second week of this journey! I love you AdrieneğŸ™ğŸ»,Ugy_hCAa6HsIaQUdkex4AaABAg,0.0,6.0,2019-09-11T18:43:04Z,0.9994218349456787
87.0,my internet went down right in the middle of this practice so i did my own thing. i had to go with the flow! :),Ugy_6svn7yKbEbLlsmh4AaABAg,0.0,34.0,2019-09-05T09:56:01Z,-0.998904824256897
88.0,Go with the flow! Namaste!â™¥ï¸âœŒğŸ¼ğŸ™ğŸ»ğŸ’ªğŸ¼ happy Labor Day!,UgxcH94t-YFJxzqVck54AaABAg,1.0,1.0,2019-09-03T01:34:51Z,0.9992178678512573
89.0,I cant keep abreast with you today. Other days were fine. I guess your flow is faster than mine.,UgxPajIKcT8WLts7xsN4AaABAg,0.0,1.0,2019-08-24T08:32:52Z,0.9992899894714355
90.0,day 117th in books....loving it...,UgwnDSDZRD8L7LTFDZB4AaABAg,0.0,1.0,2019-08-20T03:07:37Z,0.9996272325515747
91.0,Wonderful thank you ğŸ™,Ugztt-P-oXyMDXSoeOd4AaABAg,0.0,0.0,2019-08-09T12:41:18Z,0.9998791217803955
92.0,I found a very medative state today. Thank you for guiding me into it. Namaste <3,UgyMCRCyov-_HhlIbMB4AaABAg,0.0,0.0,2019-07-23T17:20:28Z,0.9963555335998535
93.0,beautiful adriene. thankyou,UgzZ-9c1T72FTEzXW014AaABAg,0.0,0.0,2019-06-11T01:41:23Z,0.9998742341995239
94.0,My best high lunges ever today!!! Thanks for the beautiful flow.,Ugyb9LZ8eJtFwlgAY5N4AaABAg,0.0,1.0,2019-05-08T22:55:29Z,0.9998703002929688
95.0,"Today was a real ife example of going with the flow We live riverfront and choose to take advantage of the rain yesterday and kayak as the river is flowing nicely, it took us an hour and a half to go 7 miles with absolutely no effort, we didnâ€™t paddle at alll.  We passed a family from the neighborhood and they were paddling upstream!! They were struggling and we laughed that they were going the wrong way!  Tonight we saw them at the mailboxes and they shared that after 15 minutes they exited the river because it was â€œjust too hardâ€!, but my husband and I were â€œgoing with the flowâ€ of the river and it was easy peasy for us!! 
Things that make you very aware of statements just as these!! blessings from this Guadalupe River Grandma",Ugw446F4-SkAAj8hcaN4AaABAg,0.0,1.0,2019-05-04T22:28:45Z,0.9752640724182129
96.0,Thank you Adriene for this beautiful practice today. Goin with the flowğŸ™,Ugx5nLl-Jb9lIKvDU654AaABAg,0.0,1.0,2019-03-28T13:21:12Z,0.9998276233673096
97.0,Loved this flow. You make my day start with smiles,UgwWLqfoCBtPQl1f_PV4AaABAg,0.0,1.0,2019-03-20T10:52:01Z,0.9998860359191895
98.0,For off to a late start..Going on day 14 of ywa camp!! I started my day off with a morning ğŸŒSun salutions!! Better late than never ğŸ˜®thank you AdrieneğŸ™ğŸ˜ŠğŸ’–,UgwKBSAp3juHBQQfqu54AaABAg,0.0,4.0,2019-02-28T04:16:05Z,-0.9903939366340637
99.0,45 days of yoga with Adriene!!!! Thank you Adriene you have made me feel so much better!!!!!,Ugwxvwn1C0HlkvT00HV4AaABAg,0.0,3.0,2019-02-27T02:20:31Z,0.9997155070304871
100.0,I am often the one who resists so thank-you for helping look at myself and make a different choice to go with the flow. Nameste ğŸ˜€,UgzQ7h2QM9XrEQom3Hx4AaABAg,0.0,1.0,2019-02-25T19:53:52Z,0.997424840927124
101.0,your yoga has changed my life. I have now completed a few of your 30 day programs and am recruiting many many people to your wonderful guidance. thank you. love and light.,UgzDTImL3ujhEkvCuX94AaABAg,0.0,0.0,2019-02-11T21:26:31Z,0.9998026490211487
102.0,"One of my best flowing practices ever, really synched with my breath several times.  My heels are sooooo close to touching in DD!   Bunny pose was soooo not happening, my hands come nowhere near my feet or ankles but oh well.  Halfway lifts are my favorite, in one of the other 30 day series you did a halfway lift with angel arms where the arms fly out to the side...I do that one every time. It just flows with my breath and I feel so graceful when I do it (tho Im certain I dont look nearly as graceful as it feels  lol).  Practice #135 complete!",Ugyx0bd0nvsWaDshLZx4AaABAg,0.0,1.0,2019-02-10T02:52:44Z,0.9988395571708679
103.0,You are the best!!! ğŸ˜ğŸ˜ THANK you â¤â¤â¤â¤,UgyQ1ai0g4dcqflPR9d4AaABAg,0.0,0.0,2019-02-01T20:44:33Z,0.9998812675476074
104.0,That runners lunge was my hard part today. But grateful for your yoga contribution to the world. Day 44 straight for me.,UgwVaUReephTzR-uYY14AaABAg,0.0,0.0,2019-01-07T17:04:49Z,0.9991959929466248
105.0,"I love love love yoga with Adrienne!  Thank you so much - you are my ""go to"" every morning that I can.",UgywFvPBsnscufyjjtF4AaABAg,0.0,3.0,2018-12-28T15:25:18Z,0.9998598098754883
106.0,"Whew those forward folds to celebratory Namaste are tough for me. I put my chin up went slow and breathed through it. Still tough but starting not to tense up and worry about this, just goin with the flow.  Much more of a workout today. Felt good!!  Thank you bunches!",UgxJ0X1BRqgrip4l14l4AaABAg,0.0,0.0,2018-12-12T15:47:14Z,0.9980547428131104
107.0,Done âœ…,UgzwJ77KYnmJ4-8Q3Z94AaABAg,0.0,0.0,2018-12-04T15:47:07Z,0.8536696434020996
108.0,"Couldn't find the energy to do this yesterday and I didn't realise just how much I missed it. This daily practice is already helping in so many ways; I'm more flexible in the gym, I'm happier than ever and my anxiety is reducing. Yoga is amazing! Namaste, mofo's....",UgxxhoMm24fmfQdMK8V4AaABAg,0.0,2.0,2018-10-27T11:33:04Z,0.9935430288314819
109.0,"A lovely return to this practice for Day 27 of MAGIC, I loved all of Yoga Camp, but this one i especially connected. I felt the improvement and confidence since last time and I needed it today. You keep me grounded and feeling positive Adriene and I thank you for that ğŸ’ ( wrist thankfully improving at last ğŸ‘ğŸ») see you tomorrow for the new video ğŸ§˜ğŸ¼â€â™€ï¸ğŸ§˜ğŸ»â€â™€ï¸ğŸ™ğŸ’",Ugy_VHvuD9YfVaY6IHN4AaABAg,0.0,4.0,2018-10-27T08:55:39Z,0.9996651411056519
110.0,Flowing on my mat and now flowing off it into the new day. Thank you Adriene xx,UgzR8cI-_JIiY85YD_F4AaABAg,0.0,0.0,2018-10-27T08:07:50Z,0.9996715784072876
111.0,"Started feeling a little draggy/cruddy, ended feeling much better, thank you!",UgzgAfP0-4tkC_Ghs2N4AaABAg,0.0,0.0,2018-10-26T02:00:26Z,0.995108425617218
112.0,A good sessionâ˜ºğŸ˜…,UgxaNsQLFMvAVCsFdbh4AaABAg,0.0,0.0,2018-10-12T15:14:04Z,0.9998636245727539
113.0,There is no day 13....?...))),UgziWDnZvIypge6FyzZ4AaABAg,1.0,0.0,2018-10-06T20:36:24Z,-0.6557056903839111
114.0,You're always tending to my soul. Namaste.,UgygpZuZyMPpjI9xB4x4AaABAg,0.0,0.0,2018-09-11T14:55:06Z,0.9967871904373169
115.0,just finished the flow. nice one..feel relax after. i'm 30week of my pregnancy...did all the modification and skip the chaturangga and subbed it with child poseğŸ˜ğŸ’• Namaste....,Ugzt8WK5qnxksYxLM8J4AaABAg,0.0,0.0,2018-09-11T09:35:35Z,0.8912913799285889
116.0,I  CHOOSE to go with the flow,UgwK3fPbKVpGLjXo0yV4AaABAg,0.0,0.0,2018-09-11T00:09:50Z,0.9733521938323975
117.0,"I remember doing this at the start of the year, when I had the flu, and it was a hardship to say the least. Now I've just completed it as the universe intended and I just flowed, man! Catching waves every day this year and feeling ğŸ¤™ğŸ»ğŸ¤™ğŸ»ğŸ¤™ğŸ»",UgzZ5Wh6pfd6DrruwKR4AaABAg,0.0,0.0,2018-09-10T21:01:11Z,0.9743692278862
118.0,"2nd journey of the day and I love it,,, namaste",UgyM-VfXk8GhJYMfA2V4AaABAg,0.0,1.0,2018-09-10T10:38:09Z,0.9998620748519897
119.0,Boosh! I choose to go with the flow!,UgyLH38CFjNT0EhwA0B4AaABAg,0.0,0.0,2018-09-07T22:59:13Z,0.9004376530647278
120.0,Another one of my favourite days with you! ğŸ’• Thanks for sharing!,UgzXcX5w1jbULvdE1o54AaABAg,0.0,0.0,2018-08-28T20:35:31Z,0.9996016621589661
121.0,Great practice today.  Had me sweating like ho in church! ğŸ˜€ğŸ™ğŸ¼â¤ï¸,UgzKO54gUle83cLg1r54AaABAg,0.0,0.0,2018-08-23T11:55:40Z,-0.9320546388626099
122.0,"Thank you, I needed the reminder to go with the flow",UgyltZmOLKEfZRXpB3J4AaABAg,0.0,1.0,2018-08-20T22:40:57Z,0.9810307025909424
123.0,"This one felt so good, and was perfect for my busy, hectic work (AND social!) day!",UgxMas7QnZskGi15ADx4AaABAg,0.0,0.0,2018-08-17T17:30:48Z,0.9998637437820435
124.0,Ty,UgwgQqPJz7mwuDYLhU14AaABAg,0.0,0.0,2018-07-01T16:39:22Z,0.975734293460846
125.0,"One of my favorites, ever :)",UgziawdDJgFI7t9gLXh4AaABAg,0.0,1.0,2018-06-15T18:20:25Z,0.9995668530464172
126.0,"June 14, 2018. Day 14. Gonna start my period soon. and it's pouring outside. Will go with the flow though. =)",UgxzVWt2Iz8TaDuIFSJ4AaABAg,0.0,0.0,2018-06-13T22:37:22Z,0.9851924180984497
127.0,NamastÃ©,UgzX4jUQZPEaZ3Y36YV4AaABAg,0.0,0.0,2018-05-31T13:19:03Z,0.7529826164245605
128.0,First day of YOGA CAMP - Accept ! So pleasant and joyful. Thank you Adriane. Looking forward to getting up in the morning and start each day with the CAMP :-),UgwHAQimKTkxD_F12mN4AaABAg,0.0,0.0,2018-05-25T08:28:46Z,0.9998804330825806
129.0,"Today was much better,  I could concentrate and i felt much center. Namaste!",UgyE9R3EYT53DJYcms14AaABAg,0.0,0.0,2018-04-10T17:19:36Z,0.9953235983848572
130.0,You are a lovely soul my friend..keep on keeping on cause we love ya! ğŸ’œ,Ugw5T8YnaOHoU6BWu3R4AaABAg,0.0,2.0,2018-04-10T00:35:40Z,0.9998728036880493
131.0,"I LOVE Yoga Camp!! I loved TRUE!! I've been doing yoga with Adriene for 44 days straight now - after many months and years of so-called ""high intensity"" workouts, this particular yoga practice - the way Adriene teaches it - has given me my life back. I have no idea who emailed you, Adriene, complaining it wasn't ""enough,"" but clearly it just wasn't the right fit for her. It is absolutely the right fit for me and I have actually never felt so in tune with my body or so fit and connected to all parts of me before in my whole life. After 20 years of an eating disorder and now 5 months of thyroid disorder, I am losing weight, gaining height, watching my systemic pain reduce daily and everyone I know is telling me how good and healthy I look! Truly, this is the way - the respect you show for the hard-working body by tuning in, reaching in, setting intentions, inviting exploration and adventure, helping the mind and body work together - my friend and I are doing your classes together (separated by several states) and we both agree we simply LOVE Yoga with Adriene! Please keep doing what you are doing (I have no idea how long ago it was that you got that email) and know you are offering something special that this particular human (and her avian, Pearl, who joins in yoga class each day) really needs and appreciates! Namaste. <3",UgyuBT1NsqQGqhyY_Cd4AaABAg,0.0,0.0,2018-04-05T16:25:14Z,0.9990673661231995
132.0,A quarter of the way through this the mantra really started to work on me. It was easier to vinyasa and to do those lunges. I enjoyed every minute!,UgwJ_sMAXuhKOGFNBoF4AaABAg,0.0,3.0,2018-03-19T16:52:59Z,0.9996758699417114
133.0,Thank you for another brilliant practise!,Ugx3pTloMNMdl8VRxRF4AaABAg,0.0,0.0,2017-12-29T12:31:56Z,0.9998739957809448
134.0,Day 14 -âœ”,Ugz1emoJklK4CQQGqZF4AaABAg,0.0,2.0,2017-12-27T21:13:02Z,0.9414550065994263
135.0,"Not one for someone struggling to breathe today buuuut I got down, went with the flow, and only stopped once for a sip of my hot water, lemon and ginger. I actually find childs pose hard to do because I can't breathe properly so  going into rabbit pose was a revelation! Love it!",UgznpQT_K_AJ8YBgnt54AaABAg,0.0,1.0,2017-12-12T21:52:41Z,0.7460511326789856
136.0,"for some reason this day felt special from all the previous ones on Camp. Do you know why? Cause I got no clue. Maybe it was about the flow of this session? Anyway, thank you Adriane for being here for all of us! ^__^",Ugza26iwCDnXWBmmLOR4AaABAg,0.0,1.0,2017-12-12T21:42:03Z,0.9962083101272583
137.0,"Iï¸ could be wrong, but this videoâ€™s energy seemed a little bit different tonight. Iï¸ dunno if that email bummed her out but she didnâ€™t seem like her normal bubbly self. Iï¸ felt kinda bad for Adriene, cuz Iï¸ know negative feedback and be a little demoralizing. Just want her to know that Iï¸ look forward to these videos every single day and they have made such a HUGE difference in my life both physically, and mentally. Iï¸LOVE my time on the mat so so much, and itâ€™s all because of the connection Iï¸ feel with Adriene as a teacher/guide. Keep up the great work, lady. You are very much appreciated!",UgyaCqbomtw_20Yy8DZ4AaABAg,0.0,0.0,2017-11-26T02:14:22Z,0.9908825159072876
138.0,thanks!,Ugx1VJFOSt6IXLNGGhd4AaABAg,0.0,1.0,2017-11-22T20:35:22Z,0.9998165965080261
139.0,Went with the flow. Thanks Adriene,UgyCncNGs50Y717r9u94AaABAg,0.0,1.0,2017-11-10T04:30:41Z,0.9998534917831421
140.0,Was gonna do a shorter video today but decided to go with the flow and do this longer practice! So glad I did!,UgyO5FhrkRz20qnHth14AaABAg,0.0,1.0,2017-11-05T00:48:52Z,0.9917075037956238
141.0,"Yeah! After 50 Days daily Yoga with Adriene i did my first proper donward dog. ğŸ˜„ğŸ•
Thank you Adriene! I love your Videos! ğŸ’œ",UgwybJj3hC61rr4trj14AaABAg,0.0,1.0,2017-11-01T15:28:45Z,0.9997512698173523
142.0,"I need this today. I am dealing with a job loss after 10 years at a job. Your yoga challenge has given me confidence to say, I can do this! The mantras every day are helpful. Since doing YWA--I found that Yoga can be FUN! I like the playfulness and the humor you bring to the practice. The seriousness and the levity that so many bring to the practice always scared me away. Now I feel like I can wiggle, I don't have to be perfect, I can ""Find what Feels Good!"" Thank you!",UgzpEMUHW_1q5ApaOdV4AaABAg,0.0,1.0,2017-10-31T16:43:39Z,0.9994478821754456
143.0,I have always been a go with the flow person. I have come to think that it does not serve me. That I need to be more of a make things happen person. I suppose the answer is a balance of both?,Ugy-YUhQfKNWH1-UvKp4AaABAg,1.0,1.0,2017-10-31T09:48:56Z,-0.9995573163032532
144.0,Thanks Adriene!,UgwTiZ5FrrR_dBwD84l4AaABAg,0.0,1.0,2017-10-26T02:12:00Z,0.9998175501823425
145.0,:),UgxmlHB74enFx3sy7a94AaABAg,0.0,1.0,2017-10-24T12:36:39Z,0.6489290595054626
146.0,"Sometimes I breath out so loudly that I cant hear Adrienes instructions (or jokes - I love your humour, Adriene!)",UgwljKeiKt261JlTduR4AaABAg,0.0,0.0,2017-10-12T09:30:26Z,0.9997281432151794
147.0,When I do yoga my dog loves to lay next to me listening to your relaxing voice :),Ugx5Pb_FBMr8KXCgFhp4AaABAg,0.0,1.0,2017-09-29T16:50:27Z,0.9966205358505249
148.0,"I would like it if you talked a little less if not, not at all about off topic things i loved your humour in the beginning but i find it takes away from implementing your teachings about yoga especially those about stillness, peacefulness and breathing practices. Are any of your videos geared more towards those who newer to yoga don't have as much of you talking about off topic things? Thanks for all your teachings and wisdom thus far they have all been very helpful and healing to me. :)",UgxhLoRxI0pB2SJaxO14AaABAg,0.0,0.0,2017-09-07T21:18:46Z,-0.9625838398933411
149.0,All I can sat is THANK YOU I have never been this proud to be me I grew up never feeling enough and yoga started as a physical ed class in college and now it's been 8 months and it's part of my life its taught me to love me no matter what so THANK YOU so much for everything ğŸ˜˜ğŸ˜˜ğŸ˜˜,Ugy8yvXgTW0bDmyURqF4AaABAg,0.0,0.0,2017-08-15T14:04:59Z,0.9971281886100769
150.0,Today I didn't feel like doing yoga but I decided to just do it since I have a summer break and I am glad I did it. I feel more refresh and my mind feels clear. Thank you Adriene for your hard work putting in these videos and I'm looking forward to the next yoga camp video tomorrow :'),UgzrHS671Sy7X9EWXfN4AaABAg,0.0,1.0,2017-08-14T16:34:58Z,0.9996864795684814
151.0,"This was a really great practice. I was tempted to skip yoga today as feeling rough and tired but read the comments and felt excited about the flow.  So pleased I did it, seemed to whizz by.  Thank you Adriene, Namaste xxx",UgwZs_B2g0s5mgBF-8h4AaABAg,0.0,1.0,2017-08-09T20:00:52Z,0.9997788071632385
152.0,"Hey Adriene, with this yoga session. I think you meant 'Go with the flow' from your innerself/body. Cause I could not go with the flow if it is work related.",UgyBf9OwJiE85fuWUzF4AaABAg,0.0,0.0,2017-08-04T11:55:39Z,0.854968249797821
153.0,"Thank you so much for another lesson in self-love! You are amazing Adriene!! Love and light, Nate x x",UgiIcNQuVh6dqHgCoAEC,0.0,0.0,2017-07-17T18:08:03Z,0.9998747110366821
154.0,Finally did chaturanga without flopping onto my belly :D Thank you Adriene!,Ugi0lDbIwRoafngCoAEC,0.0,0.0,2017-06-07T09:20:09Z,0.9996709823608398
155.0,Having difficulty with folds. My back is so stiff,UgigfgFzQdpVaHgCoAEC,0.0,0.0,2017-06-04T03:41:01Z,-0.9993693232536316
156.0,"This particular video is really helping me right now. I am going through challenging time in my career. This video helps me to stay calm and connect with my energetic body. Thank you, thank you, thank you!",Ugg7Bireb6g6K3gCoAEC,0.0,0.0,2017-05-30T12:34:15Z,0.9998729228973389
157.0,"""Rock and roll namaste"" - I love you",UghALiQMIvLXpXgCoAEC,0.0,0.0,2017-05-24T10:18:46Z,0.9998350143432617
158.0,"this was actually the best practice until now. i was a little worried after reading your mail today, i really am sore and (was) tired. i rather didn't show up today.. but now i am so glad i did !! thank you so very much adriene. this is my favourite practice now and i think i will do it a lot again in the future.",UgjA3Rm5AYQXJ3gCoAEC,0.0,0.0,2017-05-12T18:58:15Z,0.9995591044425964
159.0,"Adrianne! This video gave me the most amazing yoga experience. I have dabbled with yoga for years and even with yoga camp have let life get in the way of a daily practise. I started the camp 8 weeks ago!!! Wow and have finally this week managed to give myself the time to work through a number of videos! Today I broke through a wall! My breath was connected through most of the session, my body stretched deeper and with more ease than before and while this physical practise was truly rewarding it was not the best part. I felt truly aware of my body, my surroundings and present in a way I haven't done for years! Thank you, thank you, thank you for sharing these videos.",UghAHWqg2vvzlHgCoAEC,0.0,0.0,2017-03-18T09:17:58Z,0.9895625710487366
160.0,29 mins felt like a gorgeous eternity. Really felt it today. Xxx,Uggxyjeq47lfTHgCoAEC,0.0,0.0,2017-02-19T18:45:40Z,0.9997128844261169
161.0,Je poursuis le chemin!  C'est formidable...  Je rÃ©ussis Ã  toucher mes orteils!  Merci!,UggL_N7R1njdCHgCoAEC,0.0,0.0,2017-02-15T23:18:42Z,0.9935721158981323
162.0,I don't know why but this felt like a dance of some sort. :D,UgiHDOtb-FKnOHgCoAEC,0.0,0.0,2017-02-14T16:36:27Z,-0.6326293349266052
163.0,"hei, does anyone know where that pants are from?  :D",Ugg7RUe5DkEo5XgCoAEC,0.0,0.0,2017-02-08T19:14:46Z,-0.9988676309585571
164.0,"Day 14 Check. Still waiting on those answers.

I Go With The Flow",Ugi5vE1LvxlSKXgCoAEC,0.0,0.0,2017-01-20T05:42:17Z,0.9803004264831543
165.0,1/10/17Rock n roll!,UgiUVNIY9Qqwy3gCoAEC,0.0,0.0,2017-01-11T00:36:35Z,0.9922454953193665
166.0,hello adrienne. I just started with 30 days of  yoga. it is very relaxing. thank you. but i think it would be nice if you add five or ten minutes music at the end for shavasana. because otherwise  video should be stopped and it is interrupting,UgilgeiGYZ5t93gCoAEC,0.0,0.0,2017-01-08T15:45:14Z,-0.9814529418945312
167.0,"Loved the class today and the ""rock & roll, namaste."" ğŸ˜Š",UgjPht-xmX57vngCoAEC,0.0,0.0,2017-01-07T11:02:37Z,0.999728262424469
168.0,"feeling good, energised and definately sweaty. flow is the word",Ugi1vPzI8_Ne_3gCoAEC,0.0,0.0,2017-01-05T10:28:36Z,0.9995825886726379
169.0,this was a nice workout. got me sweating!,Uggz3NgcYRF23XgCoAEC,0.0,9.0,2017-01-01T03:05:26Z,0.9992198944091797
170.0,"Thanks Adrienne! Those low lunges really helped out with a lot of tightness I was experiencing in my hamstrings, quads and groin after a few days work of digging holes in the tough Mudda Earth.",UgjfDN6FPTrUD3gCoAEC,0.0,0.0,2016-11-10T00:34:28Z,0.9948344230651855
171.0,"Going with the flow and letting go of the resistance I've had long built in me! Thank you, Adriene! You are appreciated

One thing though, since now there are automatic commercials you should add like 30 seconds of silence after the videos. Maybe it's just me who gets a little thrown off by Maybelline or Trump's voice idk but just a thought",UggxgfTSCzPuJHgCoAEC,0.0,0.0,2016-11-04T15:50:35Z,0.5681041479110718
172.0,"When you found the baby bug on your mat I was laughing and thinking how lucky that is.  
Less than 10 seconds later, an orange lady bug/bird/beetle crawled onto my mat! I was so shocked; I stopped the video and made sure to put it in my favourite flower pot :) felt very blessed.",Ugjb7qb3XZa0L3gCoAEC,0.0,0.0,2016-10-24T01:09:09Z,0.9969633221626282
173.0,Nice half way their ğŸ˜¬,Ughg95jkl4e55XgCoAEC,0.0,0.0,2016-10-16T16:17:37Z,0.9996397495269775
174.0,"Adriene, you are a divine instructor.  Bringing me back to myself everyday.  Thanks chica.",UgjpBPCgx5N0FHgCoAEC,0.0,0.0,2016-09-30T20:14:22Z,0.9998624324798584
175.0,feels so good to listen to Adriene throughout the programme,UghS5XIAob9g3HgCoAEC,0.0,0.0,2016-09-07T12:49:22Z,0.9998444318771362
176.0,You saved that little bug's life on your mat!~ That was awesome. Thanks for a great class Adriene. See you manana :),Ugj1JKyIFvgRgHgCoAEC,0.0,0.0,2016-08-28T01:58:58Z,0.9997543692588806
177.0,Thank you Adriene your spirit is beautiful you are a welcome voice through a journey of getting some physical wellness thank you thank you thank youğŸ¤“,UggigSoDQFDNlXgCoAEC,0.0,0.0,2016-08-11T04:23:02Z,0.9998798370361328
178.0,"I know I'm late but I appreciate your words, these past couple of days have been rough on me, and no matter how I'm feeling you always seem to have encouraging words, muchas gracias",UghW27Xn0ZurzXgCoAEC,0.0,4.0,2016-08-10T01:18:06Z,0.9933819770812988
179.0,"I have a terrible cold and a bit of a temperature and wasn't sure I'd make it through this today (this is only my 14th day of yoga full stop!) but I made it all the way through, kept up with all the flows and can even breath through my nose for the first time all day - hooray for yoga and Adriene!",UgiHgnPnPIKL0ngCoAEC,1.0,1.0,2016-08-02T17:12:20Z,0.9893707036972046
180.0,Loved this practice! Thank you for sharing it with us xx,Ugjgg5YLM2ZEDXgCoAEC,0.0,0.0,2016-07-27T19:22:26Z,0.999869704246521
181.0,I think this video is my favorite so far.  Really liked the pace.,UgiGneVZBZCGMHgCoAEC,0.0,0.0,2016-07-23T13:39:50Z,0.9996616840362549
182.0,Just wanted to take the time to thank you Adriene for being who you are and making these wonderful videos! Smiles all around.,UgiVI_8FBjpb9ngCoAEC,0.0,0.0,2016-07-13T17:05:33Z,0.9998729228973389
183.0,I am feeling so much more ease in my yoga practice!! Thanks for what you do!!,UgiWJidCMsC3EHgCoAEC,0.0,0.0,2016-07-11T20:57:44Z,0.9993128776550293
184.0,I'm loving this camp. Thank you. You're a great teacher. Where do you get your yoga cloths Adriene?,UggQZIn841FiuXgCoAEC,0.0,0.0,2016-07-07T17:27:59Z,0.9998507499694824
185.0,Love you Adiene!,UghojSM4wrfWTngCoAEC,0.0,0.0,2016-07-06T01:13:28Z,0.9998490810394287
186.0,"awesome work Adriene, thank you . Namaste ğŸ’– ğŸ’– ğŸ’–",UghRXg8HS9Np7ngCoAEC,0.0,0.0,2016-07-02T00:53:37Z,0.999828577041626
187.0,â™¥  Thank you ! NamastÃ©,UggOGdcIVosWo3gCoAEC,0.0,1.0,2016-06-26T12:13:46Z,0.9998030066490173
188.0,I felt that one! Thanks girl pal!,Uggj5dMaf_xTa3gCoAEC,0.0,0.0,2016-06-20T15:05:37Z,0.9996623992919922
189.0,I would just like to thank you so much Adriene :) Since doing yoga camp and many of your other videos I have just found so much more peace and happiness in my life and I would like to thank you for this. Yoga has become a big part of my life now and the mantras have helped me enormously. Thank you so so much. Best wishes x,Ugh2JlBeq-6L6XgCoAEC,0.0,0.0,2016-06-17T11:07:57Z,0.9998430013656616
190.0,Each day of Yoga Camp I feel my practice improve. Just love your attitude to organic movement. Finding what's feeling good....me! Thanks!,Ugjar6MtbkgJUXgCoAEC,0.0,0.0,2016-06-10T05:40:47Z,0.9998328685760498
191.0,"Hi Adriene... Just wanted to let you know how much I'm enjoying your yoga camp... I also wanted to tell you your descriptions are fabulous... I have low vision so it's not always easy for me to see the monitor, But you make it easy for me with your descriptive Instructions! Thanks so much Karen.:)",UghMatMyLP9_lngCoAEC,0.0,1.0,2016-06-05T19:12:30Z,0.9997567534446716
192.0,"cant believe how good it feels to just go with the flow, my video froze right in the middle of down dog so i pressed pause to let it load and just took a couple Visayans and flowed through warrior one and some stretches and it felt amazing to be able to listen to my body and what feels good. so thank you Adrienne for teaching me how to achieve that amazing feeling xx",UghZ-hM1D7HKZ3gCoAEC,0.0,1.0,2016-06-04T07:40:00Z,0.9997919201850891
193.0,"My back and neck hurts today .. Really really hurts because of ironing a lot of clothes at least for 3 hours today.. And I thought that I couldnt do yoga today but I did it. Thank you Adriene, I feel a lots better now.",UghRAwv0cCR6sngCoAEC,0.0,0.0,2016-06-02T01:46:15Z,-0.9685289859771729
194.0,This was awesome! Literally felt like 10 minutes. Enjoyed every single second. I love you AdrieneğŸ…,UgiZ0UmPWAi3F3gCoAEC,0.0,2.0,2016-05-16T19:17:10Z,0.9998573064804077
195.0,"+Adriene, you have a gift my friend. For the first time I'm paying attention to my breath and laughing during yoga. I haven't consistently practiced for over ten years and now I'm back into it more than ever. I think, for the first time, it's actually fun! I really enjoy the freedom of your free style.  Thank you and keep up the great work :)",UggNS-U5mTx9Y3gCoAEC,0.0,0.0,2016-05-10T21:00:44Z,0.999873161315918
196.0,Thank you is not enough gratitude.  You have been my little Utube yoga girl for 64 days now.  I just want you to know from a brand new yoga convert how much goodness you are spreading.  You are changing lives.  Namaste Adriene.,UgiHBSnONfcde3gCoAEC,0.0,0.0,2016-05-07T18:06:54Z,0.9991310238838196
197.0,Love you Adriene. Keep healing the world 1 asana at a time. NamasteğŸ™ğŸ’•ğŸ’•ğŸ’•ğŸ’•,UgidXjgF0pUtiXgCoAEC,0.0,0.0,2016-05-07T00:27:44Z,0.9997537732124329
198.0,"I recently lost my best friend Jupiter who was a lop eared bunny rabbit that radiated energy everywhere she went. My heart is aching like it's never ached before but Yoga Boot Camp has been the only thing to get me out of bed and connect to the source. Thanks to you Adrienne I have been able to commit to yoga in a deeper way than I ever imagined. ""I trust"", ""I deserve"", I go with the flow"" and now "" I am Open"" are the mantras i've had to connect to since her passing and they've resonated through my entire being. I feel supported and God knows how much I could really use that right now. I really cannot thank you enough for everything you do and for all your dedication. God Bless you Adrienne! Day 15 here I come",UggKKn-0qLBfSngCoAEC,0.0,1.0,2016-05-03T16:53:18Z,0.9983986020088196
199.0,This flow was perfect for motivating me to get a move on with my day - it was hard to get to this video (had to take two days off) but I woke up this morning excited to finally do it!,UgjY5unQUn6xvXgCoAEC,0.0,0.0,2016-04-30T21:06:46Z,0.9955269694328308
200.0,"Dearest Adriene, not sure where to start but here goes...Iam a recent breast cancer survivor who couldn't walk a block six months ago...now I'm going between one and two and a half miles daily. I made it to day 14 of yoga camp and am completely addicted to your teachings and have recommended you to many friends. I've been paying off cancer treatment bills and can no longer afford my internet...I was wondering if you'd be able to sell me a set of your 30 day yoga camp or 30 days of yoga series....yoga is calling me and the mainstream videos and instructors aren't able to meet the progression standards you have set...I have found no other such series like you have. I didn't know any other way to contact you but to ask. my email is geminione15@gmail. Please let me know if you can help me remedy my problem. Thank you.",UgjOHms4Fd3tWHgCoAEC,0.0,0.0,2016-04-21T15:31:05Z,-0.9502403736114502
201.0,I control my own flow ! :) thank you adriene xxxxxx my day 14,UghYGnhOitUHnHgCoAEC,0.0,0.0,2016-04-21T09:35:18Z,0.9996935129165649
202.0,You changed my life!! thank you Adriene ..you are THE BEST!! <3,Ugh52gMELss35ngCoAEC,0.0,0.0,2016-04-16T17:19:05Z,0.9998760223388672
203.0,"Hello, Adriene! Kamusta from the Philippines ğŸ˜ŠğŸ‡µğŸ‡­! My name is Michele and i'm a sahm. ğŸ˜Š started following you on social media and i'm practicing your Yoga Camp! And i feel good! I'm overweight but i feel lighter and stronger. Main goal is to feel better about myself, be strong not skinny. I love how always say Find what feels good. I love it. ğŸ˜Š thank you for doing the videos and inspiring people. For inspiring me. That i can do this. That i can be better. Thank you! ğŸ˜Š NAMASTE.ğŸ˜ŠğŸ™ğŸ¼",UghPqIWBM5fwV3gCoAEC,0.0,0.0,2016-04-15T23:34:40Z,0.9996947050094604
204.0,I love this one so much! Thanks Adriene <3,Ugg19S87ByEJ83gCoAEC,0.0,0.0,2016-04-15T20:56:50Z,0.9998619556427002
205.0,"I am thoroughly enjoying this yoga camp with Adriene!  I have always thought yoga was difficult and impossible for me, my mind was too busy and I was inflexible; when in fact practicing with Adriene has made me think differently.  I look forward to doing this camp and continuing practicing. Thank you Adriene!!",UggUgvYWmQBicXgCoAEC,0.0,0.0,2016-04-08T19:02:36Z,0.9955205917358398
206.0,This practice felt SO refreshing. I feel like I can breathe better now. I didn't notice that it was supposed to be more challenging... I would definitely like more like this. :),Ugi4w9aJUWayMHgCoAEC,0.0,0.0,2016-03-31T12:43:35Z,0.9994202852249146
207.0,how do you guys get the emails?,UgjBRU7JXfnTEngCoAEC,0.0,0.0,2016-03-25T20:12:49Z,-0.9987035989761353
208.0,I flow with the glow...:p,Ugg1tICPoU-Nu3gCoAEC,0.0,0.0,2016-03-21T19:47:17Z,0.9995933175086975
209.0,"I just wanted to thank you Adriene. I was in a little bit of a rough place after having my twin boys and your yoga videos, especially the yoga camp has opened my eyes to the yoga world and completely changed my life. The mantras for each day have inspired me to continue to do yoga, as well has been DEAD ON for what feelings I have going on that day. Please keep up the amazing work and thank you again!!!!!",Ugiit-7i4VPwlXgCoAEC,0.0,0.0,2016-03-16T18:29:53Z,0.999691367149353
210.0,"I just loved that tonight , thank you :)",UghaDDMLRfiM9HgCoAEC,0.0,0.0,2016-03-15T21:42:00Z,0.9998703002929688
211.0,"Thank you Adriene! I didn't really stay present today, too much crap in my mind... I'm a bit of a control freak myself.",UghVMIQO9nLbvngCoAEC,0.0,0.0,2016-03-12T12:10:36Z,-0.9960359930992126
212.0,Adrienne  you are absolutely amazing. I have NEVER loved and been this consistent with yoga as much as I have now.  I love your down to earthiness. It keeps me motivated. Keep it up!!! My friends and family laugh every time I tell them that its time to hang with Adriene ( aka yoga time )lol,Uggy-bvaKMBY5ngCoAEC,0.0,0.0,2016-03-10T02:58:31Z,0.9998407363891602
213.0,"OOOOH, I am a sweaty girl. I'm constantly reminded of my T-rex arms, especially in that Rabbit pose, but I go with the flow and find a way to stretch without having to grip my feet. My heels are almost touching the ground. It is wonderful to see my body growing. It's beautiful, really. Namaste",UgixdY2Ae2g_bngCoAEC,0.0,0.0,2016-03-09T20:22:24Z,0.9998501539230347
214.0,I keep having so many family arguments and just people treating me like crap nowadays even though I am not doing anything to anyone. I just cut my phone off from everyone and I feel really alone...and this is prior to be writing a huge exam on the 17th...I am gymming plus doing this and just praying to god I get through this as its a turning point in my life and career for me to do what I love and take care of sick kids...pray for me please and Happy International Women's Day everyone.,UghxjTpWEVBCw3gCoAEC,1.0,0.0,2016-03-09T01:33:57Z,-0.9988815188407898
215.0,I love it :3,UgjAkwkAOYXCk3gCoAEC,0.0,0.0,2016-03-05T14:54:33Z,0.9998753070831299
216.0,"AWESOME LESSON (AS ALWAYS) I love your sense of humor and motivation for us, the students. I will continue until day 30!!!!! Plus, I will make sure to do some daily yoga for stress because that will never end! lol smh = )))",UggZxd6nreViiHgCoAEC,0.0,0.0,2016-03-04T23:52:54Z,0.9997184872627258
217.0,Holy crap! I loved this flow!!! LOVED.,UgibOVKjKL9eNXgCoAEC,0.0,0.0,2016-03-01T05:08:28Z,0.9998552799224854
218.0,"My knees did start hurting after this 14th day!? Anyone else with the same problem? Is it normal when you are relatively unexercised? Does it go away?
I have the impression it is from ""don't lock your knees"" in some exercises. Dear Adriene, why we shouldn't lock our knees? I always feel like a jelly when I do not lock! However when it comes to stretched knees I have got no problem at all while exercise!
What could I do?",UgjI23sqo2CB7XgCoAEC,2.0,0.0,2016-02-25T10:04:12Z,-0.993192732334137
219.0,I can not believe how this mantra is matching me today! :))),UghipsFmbVHba3gCoAEC,0.0,0.0,2016-02-24T10:10:07Z,-0.8585058450698853
220.0,Only dead fish go with the flow :P JK,UgiuUTeGLQvO0ngCoAEC,0.0,0.0,2016-02-21T14:23:15Z,-0.940123975276947
221.0,Thank you Adriene! â™¥,UggMAzITQCx_JngCoAEC,0.0,0.0,2016-02-21T10:47:54Z,0.9998326301574707
222.0,"Hi Adriene. I'm Kikki and I live in the northern part of Sweden.  Now I have done 44 days of Yoga with you and I don't have words of how grateful I am. I can really say that I've got my life back, as well as my body, I can do things now that I haven't done since I was young... ğŸ’•",UgjOhfd7CuE2YngCoAEC,0.0,0.0,2016-02-20T15:30:00Z,0.9981350898742676
223.0,"I am loving this practice as i have with all the others. Its always something new and different everyday. I started my 30 days later on but it's the BEST part of my day. It allows me to think and feel and work through, reminding me to just breathe. Me time in the best way. I am constantly recommending Adriene's videos. Thanks so Much Adriene xx",UgjiNR5Ik80hmngCoAEC,0.0,0.0,2016-02-19T04:39:59Z,0.9998736381530762
224.0,You have a true gift. Thank you for this - you make my life a little better every day.  ~~~Mind and body~~~~,UgjvmAg2puhsF3gCoAEC,0.0,0.0,2016-02-18T11:00:03Z,0.9996687173843384
225.0,"So here's why this mantra thing on this yoga program is great: today I thought, oh well, it doesn't work, because I don't have a flow to go with at the moment. And then I stopped to think and thought about why I felt that way and that eventually made me realize what kind of a flow I could go with. So, as it turns out, the mantra I thought was going to be the least useful was actually one of the most helpful ones for me. Thank you for this video series.",UggLsXW03L8UWXgCoAEC,0.0,0.0,2016-02-16T20:15:05Z,-0.8707067370414734
226.0,"I go with the flow of my life. I go with the flow of change! I truly loved the warming, fluid sequence of this practice. Just perfect. I am slowly getting into the habit of truly letting my breath be the guide. Thank you, Adriene!",UggO-8Lj3c6S6HgCoAEC,0.0,1.0,2016-02-11T02:59:44Z,0.999885082244873
227.0,You just tricked me into reaching my feet with my legs straight out! Thank you! Sometimes it's matter over mind.,UgjDl2S7Oqib0ngCoAEC,0.0,1.0,2016-02-11T02:02:27Z,0.9513585567474365
228.0,Yay! I choose to go with the FLOW!!! I am compassionately aware of my resistances and breathe into them. Namaste <3,Ugjjhk77fcjyrngCoAEC,0.0,0.0,2016-02-09T15:54:58Z,0.9997939467430115
229.0,"I'm not sure whether you read these comments but i wanted to get in touch.

This has been my favourite day so far....started a little late this year as i was really struggling with depression...finally got some motivation back and i want to say thank you Adrienne... the addition of the mantras are really striking a cord with me and taking me away from trying to control things and compete with myself which only brings on exhaustion, low mood...i'm sure you get the picture........ you are a star and thank you for taking me on this uplifting, freeing journey :)",UgiYGfNJsKoGP3gCoAEC,0.0,0.0,2016-02-08T10:09:00Z,0.9989584684371948
230.0,"Hey Adriene, just wanted to thank you so much for making these wonderful videos!!! For the past month between school and a break up I let go of yoga to focus, and just got to this practice today. Thank you so much for your positivity, encouragement, and humor, you always bring a smile to my face every practice. We love and appreciate you so much Adriene, Namaste.",UggzxX9vWLkxpXgCoAEC,0.0,0.0,2016-02-08T01:51:45Z,0.9998644590377808
231.0,"just thank you for keep doing that after that mail , and you are a brave heart dear Adriene ! <3",Ugh1zEVv8YnkZHgCoAEC,0.0,0.0,2016-02-06T12:37:36Z,0.999832272529602
232.0,This practice was awesome.,UghATDfgaTrYbngCoAEC,0.0,0.0,2016-02-04T18:27:25Z,0.9998520612716675
233.0,"Adriene! thank you so much! every yoga class is exactly what I need in a particular day! that's amazing! I changed my mantra for this class for ""I choose to go with *my flow"" :) Namaste ğŸ™",Ugig9lPAld-W0XgCoAEC,0.0,0.0,2016-02-03T12:40:03Z,0.9998276233673096
234.0,AWEEEEEESOMMMMMMMENESSSSSSSSSSSSSSSSSSS. #Yaydriene,Ugj9tJNDwIjQ53gCoAEC,0.0,0.0,2016-02-03T01:22:39Z,-0.9841755032539368
235.0,Adriene i love how you teach yoga! it connects mind to body and body to spirit it isn't too easy it is where we find ease! often yoga instructors on youtube are too quick and jerky and all about the movement not the feel and you let us forget this face paced world and find our breath please never stop being so free spirited! your yoga has changed me into a more self loving me.,UggvqHr-Wed0dXgCoAEC,0.0,0.0,2016-01-31T03:17:17Z,0.9947329759597778
236.0,"Woo hoo I went with the flow and feeling fantastic now, your are awesome Adriene, thank you xxx",UgjfjDBg1FDPeHgCoAEC,0.0,0.0,2016-01-30T16:20:55Z,0.9998793601989746
237.0,"I got sick and had to take a break from yoga camp for about a week and a half. Just did this last night and I feel so much better! Thank you, Adriene!",UgjdpR004T-_SngCoAEC,0.0,0.0,2016-01-28T19:12:57Z,0.9984806180000305
238.0,"Thank you so much for this amazing yoga camp! I am sooo behind, but i needed this mantra. Life has been crazy and non stop lately, and I haven't had the chance to practice as much as I would like. But like it was said today I will go with the flow of life and continue my practice.",UgiRxr_h3tvxgngCoAEC,0.0,0.0,2016-01-27T21:09:48Z,0.9984642267227173
239.0,"This practice kicked my butt! After yesterday I thought I was really getting the hang of things, but then for today I had to take many breaks and could not keep going into each flow :( But I just modified so that I didn't get too discouraged and I found that I still got a lot out of today. Can't thank you enough for these videos. I LOVE being able to do them in the privacy of my own home :)",UgiCvEZ2A_KEoHgCoAEC,0.0,5.0,2016-01-27T02:40:37Z,0.9293017387390137
240.0,"Thank you so much for this practice, I so needed this now",UghJ2qBRFa6YsHgCoAEC,0.0,0.0,2016-01-25T22:43:21Z,0.9993948936462402
241.0,My day 14... I went with the flow!!,UgjuoWZqOc7jmngCoAEC,0.0,5.0,2016-01-25T20:41:42Z,0.9987727999687195
242.0,"Adriene there are always going to be people who criticize, that is just what they do. If the practice is not what they need, there are so many options in the internet, the door is wide open for them to leave. We don't need no stinking negativity here!!! But to be honest, I feel compassion for them as well since they suffer the most because of their negativity.  So one of these days, let's dedicate a practice to all those in need of some positivity in their lives.  

The practice that you set out can be easy or hard depending on what each individual brings to it. A yogi that truly inspired my practice claims that one can do just one asana and in varying degrees of difficulty and that is still considered yoga practice if it helps the individual develop.  

I like your positive spirit, your wise outlook, your humor, your creativity. All of us who truly benefit from the practice you set out for us are sending love, gratitude  and positive vibes to you from all over the world (in my case Greece). Thank you for all you do :)",UgihIRsTGINh03gCoAEC,0.0,0.0,2016-01-25T08:30:11Z,0.9966148734092712
243.0,Great practice! Thanks! :),UggVvbqH2ZFy6ngCoAEC,0.0,0.0,2016-01-24T22:33:48Z,0.9998120665550232
244.0,"I choose to
Go with the flow.",Uggwg7Xxpynlq3gCoAEC,0.0,0.0,2016-01-24T16:55:50Z,0.9777969717979431
245.0,When doing the seated forward fold I always really struggle with avoiding my upper back from rounding/hunching over - is that something that'll just get easier with time and practice?,UgjN9vhQnWkRc3gCoAEC,0.0,0.0,2016-01-23T19:17:56Z,-0.9987623691558838
246.0,"Dude, I can't believe you killed a little bug in the middle of go with the flow! Totally killed my inner bug.",Ugitr8ZiIJwfSngCoAEC,2.0,4.0,2016-01-23T15:42:21Z,-0.998924195766449
247.0,"this was the first day I worked up a sweat. it was a nice contrast from yesterday's easy-going, relaxing practice. Every day flows into the next practice perfectly. thank-you Adriene. Namaste :)",Ugg-HtIqkaFmZ3gCoAEC,0.0,0.0,2016-01-23T14:10:36Z,0.999777615070343
248.0,I am so grateful for yoga camp. since I started I have learned to really relax my body and feel less tension in the body. I have become more aware of tightening my muscles. I am able to fall asleep so quickly now at bedtime using relaxation techniques.  thank you Adrienne. We love you.,Ugi9CW4ZGAHY4XgCoAEC,0.0,0.0,2016-01-22T16:43:46Z,0.9977017045021057
249.0,I'm having a rough time with the lunge poses. Any tips for taking the pressure off my wrist?,Ugh2P3koQwqEdngCoAEC,0.0,0.0,2016-01-22T05:44:48Z,-0.9987527132034302
250.0,Loved today's workout!  feeling yummy all over :),UgiZjXCPina6jHgCoAEC,0.0,0.0,2016-01-21T06:48:35Z,0.9996071457862854
251.0,Loved today's workout!  feeling yummy all over :),Uggwq6yOASuG7XgCoAEC,0.0,0.0,2016-01-21T06:48:30Z,0.9996071457862854
252.0,Another great practice. Although I need help with my planks lol . My arms shake a little is that normal.. still battling with balance..,UgjL13K4dcN_gHgCoAEC,0.0,0.0,2016-01-21T02:52:49Z,0.9975099563598633
253.0,"I choose to go with the flow. Sometimes in life we just need to choose to go with the flow, not because we've given up on everything else but because we want the freedom that comes with ""Going with the Flow"" :) 
*Forgot to comment yesterday lol",Ugg1A1_i9eEOpngCoAEC,0.0,0.0,2016-01-20T19:01:49Z,0.9805986881256104
254.0,"Really glad I opened my window before starting this one! It may be -13 outside this morning, but this series kept me warm & toasty :) A great start to my morning, where I really Did Not Want To Get Up lol.",UgiABvm_EfJLeXgCoAEC,0.0,0.0,2016-01-20T13:31:28Z,0.994928240776062
255.0,"The duration of 30 minutes yoga video is perfect to do it before or after work. Thanks for everything, it is a pleasure being in Yoga Camp!!. Have a great day :-*",Ugj4MVopBBmlQHgCoAEC,0.0,0.0,2016-01-20T08:33:47Z,0.9994237422943115
256.0,"Hello Adriene, I'm a bit behind but following you at my pace and loving all the videos. I love the balance of restorative and flow as well as the awesome mantras! A big thank you for this yoga camp, my daily fix for sure!",UgjXLiCsfZmdhHgCoAEC,0.0,0.0,2016-01-20T08:11:23Z,0.9998825788497925
257.0,hi all. i have been a bit of a rebel. i practice  videos  randomlyğŸ˜Š or according to their length to suit my daily routines. i wonder if other re doing the same thing. have a great day all,UgiK6NY4A-QqoHgCoAEC,0.0,0.0,2016-01-20T07:31:27Z,0.8827639222145081
258.0,"Wow, this was a good workout today.  How long does it take until you can easily get in a child's position, all the way down butt to ankles and hands comfortably on the sides?  I have a long way to go for that, but I am trying to ""go with the flow"" and accept where I am right now....thank you for your wonderful spiritual and physical teachings...",UgjLkq0i74djj3gCoAEC,0.0,0.0,2016-01-19T20:35:31Z,0.9996738433837891
259.0,"I think today was the turning point for me in this challenge. Im on the worst day of my period ( sorry for being graphic! Say hi to the new me who always says what she thinks.) And if I can do this practice today, then I can, and I will, finish this challenge. I DONT THINK THEY ARE TO EASY!!! I think the  practices are just right. I am enjoying them so much! Thanks for pushing me into what I never thought I could do Adriene!",UggCgq404Sr2UXgCoAEC,0.0,0.0,2016-01-19T17:39:41Z,-0.5405505895614624
260.0,"I'm so excited and happy because I can feel my body is getting flexible! I can finally beginning to realize that my body and I are one. Now I understand that when you say I Am is not just your mind or ideas or your expectations, it's all of you: body, mind, spirit, and everything that sorrounds you... Adriene, words can never be enough to thank you all the things you're doing.See ya tomorrow! Namaste :D",UggQDDi6j_4TengCoAEC,0.0,0.0,2016-01-19T14:13:05Z,0.9993034601211548
261.0,Thank you. You are my vitamin A.,UgiOgTUB0W1jhHgCoAEC,0.0,0.0,2016-01-19T13:50:19Z,0.9998468160629272
262.0,Going with it :) Xxoo,UgjJndXTnJIZangCoAEC,0.0,0.0,2016-01-19T02:06:20Z,-0.5632060766220093
263.0,"My favorite day of Yoga Camp so far <3
I go with the flow!!!",UggxgIsziN1bYHgCoAEC,0.0,0.0,2016-01-18T23:28:52Z,0.9975979924201965
264.0,"I have been having a hard time getting to the mat lately... the last few days I've been dealing with some back pain and a heavy heart. I was trying to get back on track today and I almost quit. Almost. I paused somewhere in the middle and started reading the comments - this is the most incredible little family that we have here. I am so grateful for Adriene and all the beautiful people out there who are so generous with their time, supporting those of us who sometimes need a little nudge. I will catch up!! Namaste.",Uggx60epKe7h3XgCoAEC,0.0,29.0,2016-01-18T23:12:58Z,0.999230146408081
265.0,Missed a couple of days...but back on the mat today...and felt so good. Love reading everyone's comments.  Let's do this peeps....one day my heels will touch the ground in downward dog!,UghgH762zSEAfngCoAEC,0.0,0.0,2016-01-18T21:36:21Z,0.9997552037239075
266.0,"Hi everyone, 
I am also doing and enjoying yoga. Trying to loose some weight :p Thank you so much Adriene for making such a great effort. I want to know can we do yoga during periods?",UggDqyB-nDNcEXgCoAEC,0.0,0.0,2016-01-18T19:42:38Z,0.9996464252471924
267.0,Tried really hard but could not connect with this day's mantra :-( For me going with the flow today meant taking everything easy and just being lazy and I feel like I just have to go-go-go and do-do-do. Couldn't relax :-(,Ugidw8ccVeaoMngCoAEC,0.0,0.0,2016-01-18T11:52:34Z,-0.9984797835350037
268.0,my knees needed this today :) Namaste <3,Ugg5UVjbm_0_yHgCoAEC,0.0,0.0,2016-01-18T10:10:21Z,-0.9803441762924194
269.0,"That was awesome :) I used to practice only vinyasa flow at the studio, so this was actually easier than expected :)
Yesterday, finding what feels good meant skipping yoga and going to the sauna spa with my boyfriend instead. It was so nice, I actually don't feel bad for skipping practice for one Sunday .... :)
i love your yoga!",UgiGrPykgrRH5XgCoAEC,0.0,0.0,2016-01-18T10:07:48Z,0.9994753003120422
270.0,"I was  pushing myself and forgot myself until I let it all flow. Loved how this got me energized! Day 14 complete, thank you Adriene!",UgjNU01nqjvfkHgCoAEC,0.0,1.0,2016-01-18T03:04:13Z,0.9997794032096863
271.0,Two days behind but still in it ğŸ’•,UgjszWeVk6m3t3gCoAEC,0.0,1.0,2016-01-18T02:32:40Z,-0.8736399412155151
272.0,You have a great attitude and are good at explaining moves. I enjoy the stretching part of each video but  I am getting bored with the rest of the content. I am finding it repetitive.,Ugh_56o2jariNngCoAEC,0.0,0.0,2016-01-18T02:32:30Z,-0.9994388222694397
273.0,Thanks Adriene for this program! I am a couple of days behind so doing this one today. After 14 days of yoga I am now able to do a forward fold and have my hands touch the mat... still working on heels for downward dog but I am finding that my posture is getting better and I am getting stronger!,Ugg2dA3iogqAQHgCoAEC,0.0,0.0,2016-01-17T15:24:09Z,0.9975922107696533
274.0,"Great practice today Adriene! I'm not sure about that bunny pose... maybe I wasn't doing it right, I didn't really feel like it was doing anything. Oh and I forgot that I had a hair clip on the top of my head and when I put my head to the floor.. yikes!! lol. <3",UgiXJNaeZBSSm3gCoAEC,0.0,0.0,2016-01-17T13:47:11Z,-0.9968346953392029
275.0,"I LOVE the yoga camp, it brings warmth and energy all the way to Sweden",UgjRXgttEiSP5HgCoAEC,0.0,0.0,2016-01-17T11:49:46Z,0.9998297691345215
276.0,This was one of my favourite videos adriene! Loving the 30 days of yogaâ˜ºï¸,UghKgp6DdFYz_ngCoAEC,0.0,3.0,2016-01-17T09:34:05Z,0.9994633793830872
277.0,awesome today thanks <3,Ugh965dNoLjzL3gCoAEC,0.0,0.0,2016-01-17T09:27:26Z,0.9998501539230347
278.0,I loved the bunny pose towards the end of today's practice. Is there a possibility of you doing a foundations video for this pose?,UgiKNIYGrJfN93gCoAEC,0.0,0.0,2016-01-16T22:07:03Z,-0.8204150795936584
279.0,Thank you!,Uggd5fofC76MnXgCoAEC,0.0,0.0,2016-01-16T19:09:55Z,0.9998581409454346
280.0,my heels touched the floor in downward dog!!!!!!!,UgjGAdkzGPRLZngCoAEC,0.0,0.0,2016-01-16T17:37:00Z,-0.9639437794685364
281.0,"After reading the email I thought oh god it's going to be super hard today.. But i found it perfect ! rally a beautoful practice, thank you <3",Ugh44rsf1uuB9HgCoAEC,0.0,0.0,2016-01-16T17:35:06Z,0.9996576309204102
282.0,"I REALLY didn't wanna do today's video after reading your email ;-) had two long days running around at work, but decided to do today's practice nevertheless. And I feel AMAZING now! Don't get discouraged, guys! We're in this together! Love all the way from Austria <3",UggHqDpFkSkyDHgCoAEC,0.0,0.0,2016-01-16T17:29:11Z,0.9998182654380798
283.0,A mini-breakthrough today: I managed to touch my toes for the firsr time ever in forward fold! Yay! So happy. :),UggbkAA_iGH5iHgCoAEC,3.0,98.0,2016-01-16T17:00:17Z,0.999739944934845
284.0,I was super sore today and this did a perfect job of loosening up my body and helping me go with the flow!,UgjL6KVvwPpiE3gCoAEC,0.0,0.0,2016-01-16T16:16:44Z,0.9989495873451233
285.0,Loved the flow. It was what my body needed. Ready for 15.,UggzLzgySQPu2HgCoAEC,0.0,0.0,2016-01-16T12:39:35Z,0.9998679161071777
286.0,"Wow!! I needed to work on letting go this morning, and I didn't even realize until this practice.  Thank you, thank you, thank you!",Ugg5A7yfrDHp-3gCoAEC,0.0,0.0,2016-01-16T11:49:13Z,0.9995906949043274
287.0,"Was I the only one that couldn't stop smiling every time we did Jai Namaste?! Every time my hands went up it put a big cheshire grin on my face and I don't know why! I loved this flow, and loved all those 'I love myself' Namaste moments so much. Exactly what I needed today.",Ugi4zdC6hj2p2HgCoAEC,0.0,0.0,2016-01-16T10:16:35Z,0.9998407363891602
288.0,"Ok random body question...I have knees that turn in, so if I put my feet directly together I am standing knock-knee'd.  If I don't, my feet splay out with heels touching and toes outward like a whale tale :)  What is better for proper yoga posture?  Should I be working to keep my feet together when directed or is it okay if they don't point straight forward?",UghJlnIVFzxzFHgCoAEC,0.0,0.0,2016-01-16T08:09:57Z,-0.9950153231620789
289.0,Today made me realize how much I love Vinyasa flows <3,UgjXeMFcps-CFXgCoAEC,0.0,1.0,2016-01-16T07:46:41Z,0.9991376399993896
290.0,London calling I'm in full flow SX,UghbR-tZ33q6s3gCoAEC,0.0,0.0,2016-01-16T07:34:48Z,0.9930521249771118
291.0,How many calories does each half an hour session burn??,Ugg_VU2J9qDVsXgCoAEC,0.0,0.0,2016-01-16T06:12:49Z,-0.9989142417907715
292.0,Bunny pose confused me. Do you have a video explaining it?,UgjkGFZxgmhdK3gCoAEC,0.0,0.0,2016-01-16T05:08:33Z,-0.9994041919708252
293.0,"I had a hard time with my breathing today with this one at some points, my heart was beating so fast and I felt like I was going to puke.",Ugj9lRPyORVu23gCoAEC,0.0,0.0,2016-01-16T05:02:22Z,-0.9977578520774841
294.0,Aww the views on these yoga camp videos are decreasing so much :(,UgitqTFDvfGGoHgCoAEC,0.0,0.0,2016-01-16T04:49:15Z,-0.9993674159049988
295.0,Where do you get your work out clothes?,UggXMyWC1yRudngCoAEC,0.0,0.0,2016-01-16T04:34:28Z,-0.9988290667533875
296.0,I really enjoyed this one. While it is more challenging physically I find it easier mentally than the more restorative practices. Which is why I need them both. I am really enjoying yoga camp. Thanks for putting it together.,Ugj1ZY5ybjZNkngCoAEC,0.0,0.0,2016-01-16T04:23:48Z,0.9996172189712524
297.0,"This yoga camp has been incredible. I'm actually sad that we are already half way done. I'm more flexible, stronger, and less stressed than before and it's only been 15 days!!!",Ugg5hMmAcXpnf3gCoAEC,0.0,0.0,2016-01-16T04:18:46Z,0.9941376447677612
298.0,"Ooooh girl, opening those legs up a lot with runner's pose.",UghaNk4XHs1dr3gCoAEC,0.0,0.0,2016-01-16T04:15:33Z,0.9988001585006714
299.0,You are rocking' my yogi self into being committed to mindful b r e a t h i n g.  Thank you for sharing your gifts to all of us.,UggsyodhCss77HgCoAEC,0.0,0.0,2016-01-16T04:11:44Z,0.9997689127922058
300.0,"This was exactly what I needed after a crappy day. Thank you, Adriene, namaste!",UggkBypWkJ2mwXgCoAEC,0.0,1.0,2016-01-16T02:46:59Z,0.9994040727615356
301.0,"This was great.  I like the mix of rest days between days like this, I have liked every video so far, thank you for helping us build a home practice!",UggCiazCV-bu0XgCoAEC,0.0,2.0,2016-01-16T02:34:48Z,0.9998465776443481
302.0,"No worries about getting bored here :) I chose to go with the flow tonight and didn't regret it one bit. I took breaks and followed my body cues. So many layers to practicing yoga, I just love it!!",UgjGAPIREFKnRXgCoAEC,0.0,0.0,2016-01-16T01:50:09Z,0.999808132648468
303.0,I love your outfit today!,UgjuExMxNO2sq3gCoAEC,0.0,0.0,2016-01-16T01:01:51Z,0.9998705387115479
304.0,"âœŒğŸ˜14 days in ...All I can say is I am home ..I used martial arts , running , biking , and outdoor activities to stay in shape.....after 14 days I feel more balanced and stronger and it can only help all other activities in the long run...who says U can not teach an old dog new tricks....respect + <3 2U",UgiS1C5AeoC_OngCoAEC,0.0,0.0,2016-01-16T00:31:31Z,-0.8327471613883972
305.0,"IÂ´m a resister IÂ´m afraid... But not with Yoga Camp :) With Yoga Camp, and your other yoga videos, and some other things in life.,I go with the flow..

Maybe I resist what it isnÂ´t suppoded to be and go with the flow with what should be. 

Just read youÂ´re email Yoga Camp email for day 14 :) 

Thank you for all Adriene. Going with the flow now, with day 14 practice :)",UggxVdUWufqDEngCoAEC,0.0,0.0,2016-01-16T00:28:06Z,0.9597169160842896
306.0,"By golly you're flexible. Listen, I have a few dead pigeons in my attic that are way at the back there. I can't reach the little blighters with my bad back. Say, could you get up there and bag those pesky critters for me? Those flying rat corpses need to go *with the flow*",Ugj7OoI3PzOlhHgCoAEC,0.0,0.0,2016-01-15T22:35:36Z,0.8160202503204346
307.0,This has been my favorite video of yoga camp so far ^_^,UghdpAAtWh9p33gCoAEC,0.0,0.0,2016-01-15T22:35:12Z,0.9874945282936096
308.0,"Getting sick now, so I couldn't quite keep up with the entire thing... but I'm happy with what I did get done, and I feel much better for the movement. Hoping I get well soon so I can continue going all the way through all the practices!",UgiJZNhpRAjBl3gCoAEC,0.0,0.0,2016-01-15T22:07:45Z,0.9988699555397034
309.0,i loved today's practice. I could really notice how much my body has been changing. Poses that were a lot difficult at the beginning feel a lot easier and my body feels so loose! I love yoga camp and I have felt amazing this whole month so far thanks to you!!,UgiupQc4zT8QUngCoAEC,0.0,0.0,2016-01-15T21:58:51Z,0.9987884163856506
310.0,This practice and this whole yoga camp has been exactly what I needed. I am so grateful and excited that these encouraging videos are at my fingertips! Thank you so so so much. I love how this channel has grown into a journey into our own selves. So nurturing.,Ugic9lDjhX9nVXgCoAEC,0.0,0.0,2016-01-15T20:57:06Z,0.9998562335968018
311.0,I think Yoga Camp is perfect just the way it is.. I have loved every single moment of it. It is amazing and helping me and many others so so much. I go with the flow of love. I go with the flow of life. Thank you !,Ughh-8T3s6B2rHgCoAEC,0.0,0.0,2016-01-15T20:43:44Z,0.9998908042907715
312.0,I've had such an achy body the past few days from lack of sleep/busy days but after each session I always feel renewed and refreshed. Thank you Adriene! Namaste fellow yogis!,Uggq8QC2h25aq3gCoAEC,0.0,0.0,2016-01-15T19:40:54Z,0.9996016621589661
313.0,"Every day, as if by magic, you seem to provide exactly what type of practice I need at the time.  Cheers.",Ugi6ZoMlzYr1WngCoAEC,0.0,0.0,2016-01-15T19:30:14Z,0.9998058676719666
314.0,"I've really started to fall in love with yoga. It has allowed me to accept my body the way it is and to enjoy the gradual changes. Not only am I building strength and toning my body, but I'm also stretching and opening up my body. It's unlike any other workout I've ever done. Thanks for the videos.",UgjPmYCfRbeclXgCoAEC,2.0,93.0,2016-01-15T18:58:58Z,0.9997238516807556
315.0,Awesome! I was rolling up after a reclined cobblers pose (I love it!) and ended up coming into a shoulder stand for the first time ever! I love it when my body shows me that it can do things that I never expected it to!,Ugi_GwihQMyyoHgCoAEC,0.0,1.0,2016-01-15T18:56:41Z,0.9998351335525513
316.0,"Not to play devil's advocate but I'm not sure I understood the displeased reaction to ""people saying yoga camp is too easy"". It's completely true that Yoga Camp (which is pretty much a 30 Days of Yoga #2) is 'easier' than 30DoY2014. Here's why: Adriene mentioned in her intro video from the member platform (and probably on YT) that IN ADDITION to putting you in shape, this edition would be more inner growth oriented. While there are vinyasa sequences, most videos of YC are slow-paced, with longer periods on the ground, etc. Second reason is that IN COMPARISON with 30DoY2014, it is more about slowing down and challenging the mind rather than the body. And no, it doesn't mean the body is not challenged, it's just DIFFERENT. I have been a YWA adept since 2013 and it's true that this blend is more of the easy flow / gentle yoga variety of YWA. Which, I don't mind, I mix it with Empower videos or other flow videos. And, from my personal perspective (and I'm completely ok with voicing my opinion which doesn't equate to whining), Yoga Camp feels easier than Rise for instance; however, Rise tends to be more fitted to catering to the mind than Yoga Camp (don't know if that makes sense). I think it's due to the production of Rise (music, direction...). For those looking for an extra challenge (and it's okay, it doesn't mind you don't have a ""yoga mindset""...) but still in the tradition of body-mind balance, there's always Yoga with Lesley Fightmaster. Peace & Communication!",Ugidj53IIs80s3gCoAEC,0.0,6.0,2016-01-15T18:51:43Z,0.9918491840362549
317.0,Thanks Adriene for this journey I am taking. I enjoyed last year immensely and all your other vids on YouTube too. This is not something to be complained about after 2 days but embraced and lived to the end where something else will begin.,UgibcbwSlyAwOngCoAEC,0.0,1.0,2016-01-15T18:49:13Z,0.9993316531181335
318.0,"Adriene, where do you get your yoga ensembles??  I'm lovin' all these colors, and they look very comfy!  They're a little less vibrant than last year's 30 days ;) Not to say one style is better than another, of course!  Thanks, as always, for sharing your practice with us :)",Ugi4nbrIMd_06ngCoAEC,0.0,1.0,2016-01-15T18:14:36Z,0.9986020922660828
319.0,"Just read the email as I start my afternoon.  I found Yogi Andriene Mishler You tube channel when I was into my 50s.  i was out of shape and pre-diabetic. I had collected some DVDs previously but with Andriene I connected.  The Foundation series prepared me to take a Sunday afternoon Gentle & Restorative class that one of my younger friend was teaching.   This is the first time I have ever done yoga 14 days in a row.  At 54 this old body with my Buddha belly and tight muscles is really enjoying the camp.  Having practiced more on the Spiritual side of Yoga, studying the Yogis, I really enjoy the daily mantras.  Even though I enjoy this channel I subscribed to the site to contribute to my online Yogi. Congratulations on making The 100 Most Influential People in Health and Fitness listing.  I proudly shared you on Facebook. You are in the top 5 on my list in great company.  I truly means this Namaste.",UgippDN-vYrYM3gCoAEC,0.0,66.0,2016-01-15T18:11:22Z,0.9995371103286743
320.0,lovely practice. just lovely.:),UgjzZg7f9nwMmHgCoAEC,0.0,2.0,2016-01-15T18:05:32Z,0.9998691082000732
321.0,"Whoever it was that emailed Adriene and complained that the practices have been too easy - shame on you! What she is doing is unprecedented, kind, generous, loving, sharing and incredible. Focus on what you are getting, not what you are not getting. Adriene, keep it up girlfriend - you rock! I truly cherish each and every video in this 30 day yoga camp and have been feeling my transformation (inner and outer). Thank you for encouraging me to dig deep and thank you for taking care, not only of my physical body, but of my mind. Thank you from the bottom of my heart.:)",Ugh4sxwR-Ux6S3gCoAEC,12.0,506.0,2016-01-15T17:33:16Z,0.9990643858909607
322.0,"Nice grounding practice, even as I chose to go with the flow. I think it's also going to work in real life. I have done yoga camp every day now. I deserve a little ""treat yo'self"" after yoga camp and will go to a live yoga class. Really finding what feels good here! :)",UgiR3j107m_2m3gCoAEC,1.0,1.0,2016-01-15T17:23:46Z,0.9997135996818542
323.0,"I've been doing Yoga camp as I've been able - its been working out to a couple of times per week.  I came to camp today after  session with my therapist in which we talked a lot about ""going with the flow"" and its today's practice!  Too cool not to share",UgjCoF143m2LB3gCoAEC,0.0,3.0,2016-01-15T17:11:18Z,-0.9264660477638245
324.0,Does anyone have suggestions on yoga books I can read to deepen my knowledge?,Ugguap0X7sPllXgCoAEC,0.0,3.0,2016-01-15T16:42:24Z,-0.9744356870651245
325.0,"I was a little worried about today after reading the e-mail. I thought for sure I would not be able to keep up. As a bigger girl I sometimes feel left behind. I decided to go with the flow and I surprised myself :)) Other than the rabbit pose, my t-rex arms made that move impossible. :P",UggTLwhkU7rJsngCoAEC,6.0,50.0,2016-01-15T16:08:04Z,-0.9937407374382019
326.0,"I'll be honest: I wasn't looking forward to all of the vinyasa flows for today's practice haha. But, instead of feeling like ""Raaah (dinosaur roar)! Do all the vinyasas!! STRENGTH! (Another dinosaur roar)"" I listened to my body and adjusted, or skipped, certain vinyasas to make my practice more manageable. :)",UgiuPK1m4aJEBngCoAEC,1.0,16.0,2016-01-15T16:04:50Z,0.9698165655136108
327.0,Namaste!,UghpH8NfssazlHgCoAEC,0.0,2.0,2016-01-15T16:00:12Z,0.71142578125
328.0,"The pace and level are adaptable to anyone and I'm grateful for that. Keep mentioning variations for harder and easier and we can all follow. Your YouTube library is FULL of in depth explanations on specific poses, and beginner approaches, and more advanced routines. With over a million subscribers Adriene, it's amazing that you can help to guide us all! The fact that it's no charge tells us where your heart is and I am grateful for your generosity. (I took advantage of your sale though and bought Rise and Reboot) Thank you so much my YouTube friend. Keep on!",UgiStZ-k3FvNZXgCoAEC,0.0,13.0,2016-01-15T15:50:13Z,0.9997724890708923
329.0,This control freak loved this practice:) Although when I said the mantra out loud I think it sounded fake lol oh well Go with the Flow haha,UggB5OuuT-2ci3gCoAEC,0.0,1.0,2016-01-15T15:49:57Z,0.9767816662788391
330.0,I don't know why but this one really ached my body today ğŸ™ˆ,UggAsat5FvU5kHgCoAEC,2.0,4.0,2016-01-15T15:46:11Z,-0.9991195797920227
331.0,"Loved this one. Going with the flow is something I am constantly working on, as I am somewhat of a perfectionist. Today, I had people at home with me, which is not usual, and I had to choose to go with the noise, and embrace the toddler on my mat with me. Embrace life, accept what comes, create your own happiness (no matter what's going on around you), awaken your mind, body, and soul, stay present in life, trust that you've got this, be bold, know that you are capable of handling whatever comes your way, take support when its given, know that you are capable of going with the flow. Because you deserve to be content with your life and trust that there is always something better just around the corner (whether you think so or not). These mantras all add up to one amazing recipe for life. Being happy with who you are, and using that happiness to guide you through your days and all of the things you encounter. I truly love this camp, its wonderful for the spirit. BIG thank you Adriene.",UghB2OPySJY_FHgCoAEC,0.0,19.0,2016-01-15T15:45:36Z,0.9998359680175781
332.0,This is an important reminder for me - especially with my little dog taking up residence in the middle of my mat today.Â  I went with the flow - working around him! Namaste.,Ugj9E_p3NpXmSngCoAEC,0.0,4.0,2016-01-15T14:44:37Z,0.9994327425956726
333.0,Great flow!!! When I discovered it was a flow day I immediately figured we'd be doing warrior poses. Fun to do a flow that didn't include the typical warrior poses normally included in a flow.,UggoPcNEuMK7AHgCoAEC,1.0,10.0,2016-01-15T14:19:10Z,0.9995939135551453
334.0,"About the dissapointed yogi you were refering to in your email: I think Yoga Camp is open for eveyone, whatever level you're on. Yoga Camp shouldn't be about 'easy' or 'super duper challenging'. For me it's about being active/mindful with my body and mind. Having some quality time with ME. How each of us yogi's approaches the postures says a lot about ourselves and about how we deal with things. :) I thank you Adriene for all the wonderful things I learn from Yoga Camp!!",UggvkGVknGkxQngCoAEC,0.0,104.0,2016-01-15T14:16:28Z,0.9993353486061096
335.0,"I had horrible cramps (sorry, guys) and didn't think I could do this one and that I would have to lie down on my mat the entire time. But I did it, breathed through the discomfort, and by the end felt completely better! Yoga is a great metaphor for life, it teaches you to 'breathe through' your troubles so that you can get to the other side of it. Thank you, Adriene for helping me see that today!",Ugi5wt0QlvjmTXgCoAEC,7.0,131.0,2016-01-15T14:15:17Z,0.9949289560317993
336.0,"Wow today's practice lit my entire body on fire. I feel so sweaty I need to shower before I start my day, YES ! energy!flowing! I am ready for an awesome day ! Thank you, Adriene . Namaste",Ugj0LYhb064d93gCoAEC,0.0,7.0,2016-01-15T14:11:55Z,0.9998169541358948
337.0,"HI Adriene,I Really like all your practices. I read your email today. I think you are an excellent guide and you cater toÂ people of all levels. I notice that during the yoga camp practices you leave a lot of room for more experiencedÂ folks to do thier own thing if they want to. So keep up the good work! I am loving doing yoga every day with you and I feel myself really getting more flexible and stronger! Yay!",UghH0vvWJgTd4ngCoAEC,2.0,8.0,2016-01-15T13:55:58Z,0.9996356964111328
338.0,heels touched the mat!!,Ugi7Qaojw_AOEngCoAEC,11.0,179.0,2016-01-15T13:50:34Z,0.9573167562484741
339.0,"Quick question for the other larger/slightly larger ladies here.Â  I find it impossible to step up into a lunge from plank or downward dog because my stomach gets in the way.Â  My son is five and I've looked about five months pregnant since I had him!Â  Is it actually possible to step up into a lunge with a tummy on you?Â  I have hyper-mobile joints so flexibility is not really a problem, just lack of strength & fitness.Â  I have to stand up, position my legs, and then drop down, which breaks the flow of things a bit.Â  I'm interested to hear other people's experiences in this regard.Â  (Edited to add:Â  In case it isn't obvious, I'm a beginner!)",Ugj0ofvlwCAoGngCoAEC,11.0,5.0,2016-01-15T13:14:34Z,-0.9939835667610168
340.0,"Flow , love it !!!! Rock on Adrienne Yay !!! Flow Friday Woot woot !!!",Ugjw4DmmhzUyTngCoAEC,0.0,2.0,2016-01-15T13:14:22Z,0.9998468160629272
341.0,"Watched this video with my coffee again this morning...have an appointment this morning but I can't wait to do this video! This mantra is so powerful. So many times in my life, divorce, death of a loved one etc., I have had to acknowledge that I have no control over the situation and I just need to move forward the best I can...",UggA-xSgTZ295HgCoAEC,0.0,0.0,2016-01-15T13:04:40Z,0.9964810609817505
342.0,"Adriene I'm looking for yoga pants the same color as yours, where'd you get them? they're so cute!!",UghsS7COIl5YhXgCoAEC,0.0,3.0,2016-01-15T12:53:27Z,0.9995821118354797
343.0,can anybody say how older she is?,UghIgelefS3lYngCoAEC,0.0,0.0,2016-01-15T12:38:52Z,-0.9984001517295837
344.0,"your sounds, with flow just awesome adriene",UgjQLovS2ij1qngCoAEC,0.0,1.0,2016-01-15T12:38:17Z,0.9998793601989746
345.0,"Loved this practice, waking up those legs! I'm ready to flow through my day ğŸ‘Œ namaste!",Ugg6t3KdXozypngCoAEC,0.0,2.0,2016-01-15T12:34:01Z,0.9997895359992981
346.0,"Not gonna lie Adriene, I'm super nervous about starting this video since I'm only 14 days old to the practice lol. I liked yesterday's video a lot! Lol.",UgglVfdgMd1Or3gCoAEC,7.0,6.0,2016-01-15T12:24:59Z,0.9975761771202087
347.0,third!,Ugi6eqK0Y5unUXgCoAEC,0.0,1.0,2016-01-15T12:08:41Z,0.9855450987815857
348.0,Wohoo let's get started. You're the best Adrienne :),UghD-MLIofGOv3gCoAEC,0.0,1.0,2016-01-15T12:02:47Z,0.9998351335525513
349.0,Yes!,UgjzlPv4XxiOdngCoAEC,0.0,1.0,2016-01-15T12:01:28Z,0.9998160004615784
